property_id,location,area_sqft,bedrooms,actual_price,predicted_price,absolute_error,percentage_error,within_10pct,price_band
1001,2,1436,3,36384154.33201106,36471674.78043316,87520.44842210412,0.24,1,2Cr_to_5Cr
1002,4,4531,3,4327838.359312846,3708678.142356251,619160.2169565954,14.31,0,less_than_50L
1003,4,2548,3,16690646.463639019,17198828.29848636,508181.83484734036,3.04,1,1Cr_to_2Cr
1004,4,4265,2,21160781.024324942,20801349.928881586,359431.0954433568,1.7,1,2Cr_to_5Cr
1005,0,3557,3,25524692.38747179,25679776.931342203,155084.5438704118,0.61,1,2Cr_to_5Cr
1006,5,3987,2,30262278.366439417,30557209.599874493,294931.23343507573,0.97,1,2Cr_to_5Cr
1007,0,3694,2,20626106.785878133,20287820.706984468,338286.0788936652,1.64,1,2Cr_to_5Cr
1008,2,4661,1,2953417.5377141093,3768357.6758541353,814940.138140026,27.59,0,less_than_50L
1009,3,2830,2,25586604.712762114,25643728.58560873,57123.87284661457,0.22,1,2Cr_to_5Cr
1010,1,2279,2,19442703.467956435,19194588.317181256,248115.15077517927,1.28,1,1Cr_to_2Cr
1011,5,4113,5,10756619.438263942,10487691.148646183,268928.28961775824,2.5,1,1Cr_to_2Cr
1012,1,4526,2,20658218.2072137,20709705.754243184,51487.54702948406,0.25,1,2Cr_to_5Cr
1013,4,4506,2,18869379.288592387,19450104.2751424,580724.9865500145,3.08,1,1Cr_to_2Cr
1014,1,2411,2,17763131.14979423,17625290.482555013,137840.66723921522,0.78,1,1Cr_to_2Cr
1015,2,3773,3,23574861.637754414,23997559.727262758,422698.0895083435,1.79,1,2Cr_to_5Cr
1016,0,2543,1,18685010.142930895,18697957.791583735,12947.648652840406,0.07,1,1Cr_to_2Cr
1017,4,2900,4,36464951.80044333,36783060.24897276,318108.44852942973,0.87,1,2Cr_to_5Cr
1018,0,4981,5,42673227.2217408,42301682.32595914,371544.8957816586,0.87,1,2Cr_to_5Cr
1019,5,1689,2,27976782.798867755,27745034.74927416,231748.04959359393,0.83,1,2Cr_to_5Cr
1020,4,1847,3,23391376.35277814,23386081.613869686,5294.738908454776,0.02,1,2Cr_to_5Cr
1021,7,3599,1,9520215.454866458,10212069.1757795,691853.7209130414,7.27,1,50L_to_1Cr
1022,7,2343,3,19090796.950779762,18458919.611722197,631877.3390575647,3.31,1,1Cr_to_2Cr
1023,5,3583,2,25647232.69419713,25455087.15457551,192145.53962161765,0.75,1,2Cr_to_5Cr
1024,2,3616,2,22106016.768637292,22151683.69462862,45666.92599132657,0.21,1,2Cr_to_5Cr
1025,2,3536,2,7694162.022086014,7687005.126922018,7156.895163996145,0.09,1,50L_to_1Cr
1026,1,3718,3,23237283.37975898,23217495.573550053,19787.806208927184,0.09,1,2Cr_to_5Cr
1027,5,3182,2,32753413.557633877,31335768.636096925,1417644.9215369523,4.33,1,2Cr_to_5Cr
1028,0,1390,2,22781406.76101301,23138415.874604974,357009.1135919653,1.57,1,2Cr_to_5Cr
1029,6,2553,3,23039842.788747344,23121432.882677544,81590.09393019974,0.35,1,2Cr_to_5Cr
1030,5,625,3,44098346.794610865,44209566.195640184,111219.40102931857,0.25,1,2Cr_to_5Cr
1031,1,1176,4,17002494.84007655,16684839.134462029,317655.7056145221,1.87,1,1Cr_to_2Cr
1032,2,3237,2,20494312.458216626,19791472.055250566,702840.4029660597,3.43,1,2Cr_to_5Cr
1033,6,1087,3,13372245.60089061,13210106.620610137,162138.98028047383,1.21,1,1Cr_to_2Cr
1034,5,929,3,21785044.957424793,21733422.115193073,51622.842231720686,0.24,1,2Cr_to_5Cr
1035,1,3842,2,20066897.430247948,20192220.273689833,125322.84344188496,0.62,1,2Cr_to_5Cr
1036,3,2553,3,42910340.21597571,43009830.58083375,99490.36485803872,0.23,1,2Cr_to_5Cr
1037,0,1694,2,30804184.301590007,29974499.521869957,829684.7797200494,2.69,1,2Cr_to_5Cr
1038,3,1926,4,5770311.460576408,4459130.056638619,1311181.4039377887,22.72,0,50L_to_1Cr
1039,0,3296,2,13358260.523213025,12714713.212065363,643547.3111476619,4.82,1,1Cr_to_2Cr
1040,6,3503,3,13943882.36679276,13609195.040254211,334687.32653854974,2.4,1,1Cr_to_2Cr
1041,7,2840,2,4343205.630843777,4808544.040520669,465338.40967689175,10.71,0,less_than_50L
1042,0,4535,5,10614131.321637085,11483132.76432867,869001.442691585,8.19,1,1Cr_to_2Cr
1043,6,4202,2,11780577.134718742,12016119.751809392,235542.6170906499,2.0,1,1Cr_to_2Cr
1044,1,1244,5,42523233.37880267,41793771.69306923,729461.685733445,1.72,1,2Cr_to_5Cr
1045,4,846,4,19373747.265537933,19370420.343446534,3326.922091398388,0.02,1,1Cr_to_2Cr
1046,3,4315,2,4793698.030989889,4560554.692795221,233143.3381946683,4.86,1,less_than_50L
1047,4,3509,4,8851927.38725067,8701004.512102459,150922.87514821067,1.7,1,50L_to_1Cr
1048,3,1634,5,19786537.479619935,20069566.737426918,283029.25780698285,1.43,1,1Cr_to_2Cr
1049,1,626,2,5820037.613641928,5862576.33850667,42538.72486474179,0.73,1,50L_to_1Cr
1050,3,4543,2,14838263.424028015,14893808.710360695,55545.28633267991,0.37,1,1Cr_to_2Cr
1051,6,3359,3,25579929.08128609,25861972.870075446,282043.78878935426,1.1,1,2Cr_to_5Cr
1052,4,2230,2,34979690.84073578,35960074.11512562,980383.2743898407,2.8,1,2Cr_to_5Cr
1053,2,4179,1,36030800.55863498,36119658.16532909,88857.60669410974,0.25,1,2Cr_to_5Cr
1054,4,586,2,7231753.730365746,6446040.368209239,785713.3621565066,10.86,0,50L_to_1Cr
1055,1,3277,2,6848973.75538431,6263805.086755746,585168.6686285641,8.54,1,50L_to_1Cr
1056,2,2935,2,8449177.795719622,8322926.724307576,126251.07141204551,1.49,1,50L_to_1Cr
1057,4,2332,2,20570811.868560314,20363951.286198165,206860.5823621489,1.01,1,2Cr_to_5Cr
1058,0,3324,4,24883423.881326757,24752769.11069957,130654.7706271857,0.53,1,2Cr_to_5Cr
1059,5,1248,3,10820467.436052736,10832112.193078632,11644.75702589564,0.11,1,1Cr_to_2Cr
1060,0,2432,1,9478673.00525755,9585866.929708917,107193.92445136607,1.13,1,50L_to_1Cr
1061,1,1652,3,21581819.62904112,21898060.09908454,316240.4700434208,1.47,1,2Cr_to_5Cr
1062,5,2281,3,22659678.447359476,22029543.31147997,630135.1358795054,2.78,1,2Cr_to_5Cr
1063,7,669,5,14938579.171806453,15370424.19528117,431845.0234747175,2.89,1,1Cr_to_2Cr
1064,6,2030,1,11942070.187743882,12479573.016114473,537502.8283705916,4.5,1,1Cr_to_2Cr
1065,0,4805,2,19506583.71255319,18930581.53343523,576002.179117959,2.95,1,1Cr_to_2Cr
1066,3,3603,4,40950762.57876983,41277050.10931807,326287.53054823726,0.8,1,2Cr_to_5Cr
1067,5,1974,4,25081574.98559726,24728639.04393987,352935.94165739045,1.41,1,2Cr_to_5Cr
1068,3,3292,3,17283923.60636243,16703558.240624703,580365.365737725,3.36,1,1Cr_to_2Cr
1069,3,2095,3,22249325.576122127,22497053.55854206,247727.98241993412,1.11,1,2Cr_to_5Cr
1070,7,3658,1,24389436.17500838,23759368.116467603,630068.0585407764,2.58,1,2Cr_to_5Cr
1071,6,3662,3,19945045.766664848,19668533.269937,276512.49672784656,1.39,1,1Cr_to_2Cr
1072,4,1845,2,5927512.090488881,6297085.260958022,369573.17046914157,6.23,1,50L_to_1Cr
1073,5,619,2,35054534.830087736,35420302.55500695,365767.72491921484,1.04,1,2Cr_to_5Cr
1074,4,452,4,12361915.656997377,11862257.728674155,499657.9283232223,4.04,1,1Cr_to_2Cr
1075,0,2157,2,16226748.184103753,15667473.466340726,559274.7177630272,3.45,1,1Cr_to_2Cr
1076,6,2066,3,24020382.89060421,24221744.972150918,201362.08154670894,0.84,1,2Cr_to_5Cr
1077,2,3185,4,14673494.317498049,15037659.026788535,364164.70929048583,2.48,1,1Cr_to_2Cr
1078,6,1119,2,29423530.906411625,29665750.263547223,242219.35713559762,0.82,1,2Cr_to_5Cr
1079,3,805,5,9297155.672664415,9112574.541309956,184581.13135445863,1.99,1,50L_to_1Cr
1080,4,2694,5,17096884.449581623,17130577.03933806,33692.589756436646,0.2,1,1Cr_to_2Cr
1081,6,471,3,8085553.952899586,8103872.972024348,18319.019124761224,0.23,1,50L_to_1Cr
1082,4,2453,2,32460120.619801253,32696713.845242683,236593.22544142976,0.73,1,2Cr_to_5Cr
1083,6,1629,2,13105362.878829498,12714196.844566582,391166.0342629161,2.98,1,1Cr_to_2Cr
1084,1,1967,2,17725842.950001433,18200830.383582246,474987.43358081207,2.68,1,1Cr_to_2Cr
1085,0,4082,2,30599763.27381466,29930301.00579601,669462.268018648,2.19,1,2Cr_to_5Cr
1086,5,3353,2,4470251.378610946,4125278.565146058,344972.8134648884,7.72,1,less_than_50L
1087,3,4882,5,17448253.446570374,17338109.666204616,110143.78036575764,0.63,1,1Cr_to_2Cr
1088,6,1098,2,13486140.677394472,13556533.66883376,70392.99143928848,0.52,1,1Cr_to_2Cr
1089,7,1226,3,12040011.245005555,11942629.00900583,97382.23599972576,0.81,1,1Cr_to_2Cr
1090,6,748,1,24688750.080676734,24422490.08463453,266259.99604220316,1.08,1,2Cr_to_5Cr
1091,1,4308,3,6996025.4140540585,6875660.4320248235,120364.98202923499,1.72,1,50L_to_1Cr
1092,0,707,4,24429721.402262542,24115162.384351343,314559.0179111995,1.29,1,2Cr_to_5Cr
1093,7,3816,2,14508554.926154546,14775344.246753074,266789.3205985278,1.84,1,1Cr_to_2Cr
1094,7,2734,2,15340632.104797132,15056641.409607505,283990.6951896269,1.85,1,1Cr_to_2Cr
1095,0,3209,3,15620859.520166682,15567664.07607422,53195.44409246184,0.34,1,1Cr_to_2Cr
1096,6,3958,3,5509864.329249887,5633017.204523879,123152.87527399231,2.24,1,50L_to_1Cr
1097,1,4878,3,23316661.587647967,22877641.082911193,439020.50473677367,1.88,1,2Cr_to_5Cr
1098,7,3877,2,23012929.063050117,22658468.294354938,354460.7686951794,1.54,1,2Cr_to_5Cr
1099,5,3086,2,9323376.213094495,8867343.295143235,456032.91795125976,4.89,1,50L_to_1Cr
1100,3,3385,5,5375455.886026052,5393450.623069426,17994.737043374218,0.33,1,50L_to_1Cr
1101,2,675,4,30427751.44806001,30508948.28868441,81196.84062439948,0.27,1,2Cr_to_5Cr
1102,3,2947,3,27570433.77572942,27968142.827627234,397709.05189781263,1.44,1,2Cr_to_5Cr
1103,4,3164,4,16012176.014058234,15543565.989788212,468610.0242700223,2.93,1,1Cr_to_2Cr
1104,4,736,3,12013997.574055476,11554390.681871807,459606.8921836689,3.83,1,1Cr_to_2Cr
1105,1,2373,2,11162124.40657412,11053448.638359103,108675.7682150174,0.97,1,1Cr_to_2Cr
1106,7,3379,2,13299842.159100018,13533416.661635922,233574.50253590383,1.76,1,1Cr_to_2Cr
1107,3,4976,2,26899339.623379834,26936381.282020733,37041.658640898764,0.14,1,2Cr_to_5Cr
1108,3,4368,3,16371907.689412085,16285856.214659324,86051.47475276142,0.53,1,1Cr_to_2Cr
1109,2,1310,1,22570661.694478836,23064270.670699093,493608.9762202576,2.19,1,2Cr_to_5Cr
1110,1,2396,2,9320698.285707008,9524191.589368483,203493.30366147496,2.18,1,50L_to_1Cr
1111,5,3529,3,25805818.793865692,25605035.974670418,200782.81919527426,0.78,1,2Cr_to_5Cr
1112,7,4604,3,26899056.460877586,27572508.366520423,673451.9056428373,2.5,1,2Cr_to_5Cr
1113,1,4157,3,7133977.073649406,6954146.128302854,179830.94534655288,2.52,1,50L_to_1Cr
1114,6,727,4,18221298.00251081,17758132.620171823,463165.3823389858,2.54,1,1Cr_to_2Cr
1115,3,2199,1,13200237.86827323,13409915.322190583,209677.45391735248,1.59,1,1Cr_to_2Cr
1116,1,714,3,11318606.171382163,11306316.358225103,12289.813157059252,0.11,1,1Cr_to_2Cr
1117,1,3945,3,18333933.106191028,18560603.63842079,226670.53222976252,1.24,1,1Cr_to_2Cr
1118,2,1534,3,20620010.636605497,20344168.740973156,275841.8956323415,1.34,1,2Cr_to_5Cr
1119,5,3146,2,23941970.73702931,24115659.03547376,173688.2984444499,0.73,1,2Cr_to_5Cr
1120,6,1920,2,5243791.95678575,5086683.18331245,157108.77347330004,3.0,1,50L_to_1Cr
1121,4,555,4,27457932.915914834,27076952.552054267,380980.36386056617,1.39,1,2Cr_to_5Cr
1122,3,2124,3,29708839.16440576,29407808.477586176,301030.6868195832,1.01,1,2Cr_to_5Cr
1123,2,3743,4,16882176.409928467,17735492.011321492,853315.6013930254,5.05,1,1Cr_to_2Cr
1124,5,1286,3,23767120.72789871,23448978.247620247,318142.4802784622,1.34,1,2Cr_to_5Cr
1125,5,3473,3,11102968.743576687,10786479.34544488,316489.3981318064,2.85,1,1Cr_to_2Cr
1126,1,3205,4,26967359.53782624,27167790.20623371,200430.66840747,0.74,1,2Cr_to_5Cr
1127,3,1121,3,26398892.373259384,26281096.150045928,117796.22321345657,0.45,1,2Cr_to_5Cr
1128,0,1312,2,6910579.7918868,6583301.838265152,327277.95362164825,4.74,1,50L_to_1Cr
1129,4,3757,3,13667760.40304281,14081988.163491324,414227.76044851355,3.03,1,1Cr_to_2Cr
1130,0,1270,4,24811571.806779273,24688160.944764715,123410.86201455817,0.5,1,2Cr_to_5Cr
1131,0,4508,2,47535756.01840101,47353846.057799324,181909.96060168743,0.38,1,2Cr_to_5Cr
1132,0,897,2,28115407.101972047,27780832.45183338,334574.6501386687,1.19,1,2Cr_to_5Cr
1133,5,2156,1,29732413.38961488,30094776.776412126,362363.3867972456,1.22,1,2Cr_to_5Cr
1134,1,1517,4,49821876.413205825,49481176.78963105,340699.62357477844,0.68,1,2Cr_to_5Cr
1135,5,3809,1,29127401.925961852,28819941.45373079,307460.47223106027,1.06,1,2Cr_to_5Cr
1136,6,3228,3,19367001.348433185,20138855.89380608,771854.5453728959,3.99,1,1Cr_to_2Cr
1137,5,2047,2,19992136.898741256,19690604.857243296,301532.0414979607,1.51,1,1Cr_to_2Cr
1138,3,3383,2,25840570.02530926,25308220.117922302,532349.9073869586,2.06,1,2Cr_to_5Cr
1139,5,542,3,17121873.254517253,16835709.76512991,286163.48938734457,1.67,1,1Cr_to_2Cr
1140,5,3161,1,29416556.460718628,29147946.35926473,268610.1014538966,0.91,1,2Cr_to_5Cr
1141,0,3835,3,12950132.159320189,12942701.42310631,7430.736213877797,0.06,1,1Cr_to_2Cr
1142,2,2831,3,4372368.067531653,5110306.657009937,737938.5894782841,16.88,0,less_than_50L
1143,4,2248,2,11577114.520766918,11764566.085515624,187451.5647487063,1.62,1,1Cr_to_2Cr
1144,4,3096,4,4056927.5812033215,4152563.223402577,95635.64219925553,2.36,1,less_than_50L
1145,3,2117,3,24860261.467565797,24763104.095717568,97157.37184822932,0.39,1,2Cr_to_5Cr
1146,4,3472,4,30200026.393126354,28909373.754126944,1290652.63899941,4.27,1,2Cr_to_5Cr
1147,7,1467,3,9252883.938113417,9711426.27386315,458542.33574973233,4.96,1,50L_to_1Cr
1148,2,3186,3,15017086.329849916,14602195.55955269,414890.77029722556,2.76,1,1Cr_to_2Cr
1149,3,4191,4,29914082.369142752,29813140.325940408,100942.04320234433,0.34,1,2Cr_to_5Cr
1150,5,1688,4,15786464.987147687,15645015.870667297,141449.1164803896,0.9,1,1Cr_to_2Cr
1151,7,4271,2,29872124.379726227,29806319.131364066,65805.24836216122,0.22,1,2Cr_to_5Cr
1152,4,2206,2,19938540.91990366,20587363.362120163,648822.4422165044,3.25,1,1Cr_to_2Cr
1153,5,1904,2,23402616.640445545,23548366.20651863,145749.5660730861,0.62,1,2Cr_to_5Cr
1154,3,3708,2,9850575.769653032,9337942.998823082,512632.7708299495,5.2,1,50L_to_1Cr
1155,0,3351,2,4090769.590667403,4234516.688025922,143747.09735851875,3.51,1,less_than_50L
1156,7,471,2,11349963.63971466,11656425.063943312,306461.42422865145,2.7,1,1Cr_to_2Cr
1157,4,2090,4,29651530.18708822,29174590.223080706,476939.96400751546,1.61,1,2Cr_to_5Cr
1158,1,1744,1,11187351.122502157,10700710.871689526,486640.2508126311,4.35,1,1Cr_to_2Cr
1159,1,3703,3,17475724.64225244,17366978.486427635,108746.15582480654,0.62,1,1Cr_to_2Cr
1160,6,3513,2,24732923.21870875,24524268.993824676,208654.22488407418,0.84,1,2Cr_to_5Cr
1161,1,1282,2,17869926.190792758,17712029.53261492,157896.65817783773,0.88,1,1Cr_to_2Cr
1162,0,4634,1,15805630.478363888,16349689.062329344,544058.5839654561,3.44,1,1Cr_to_2Cr
1163,7,3062,2,48338582.76990322,49101675.414123565,763092.6442203447,1.58,1,2Cr_to_5Cr
1164,0,1904,3,5310706.918231654,5115657.088408898,195049.82982275635,3.67,1,50L_to_1Cr
1165,2,2863,4,24453339.473398626,24752908.693713546,299569.22031491995,1.23,1,2Cr_to_5Cr
1166,1,2953,2,21108661.728389464,21149719.2810989,41057.55270943418,0.19,1,2Cr_to_5Cr
1167,3,1132,3,32670054.05340654,32853002.37163572,182948.31822917983,0.56,1,2Cr_to_5Cr
1168,3,2148,3,21378037.3493389,21064461.168680146,313576.18065875396,1.47,1,2Cr_to_5Cr
1169,3,4324,4,16737640.04337745,16809829.930921413,72189.88754396327,0.43,1,1Cr_to_2Cr
1170,1,823,3,22782774.80615455,23166146.904341802,383372.0981872529,1.68,1,2Cr_to_5Cr
1171,5,3878,3,21981812.276515055,21913775.7532291,68036.52328595519,0.31,1,2Cr_to_5Cr
1172,0,1991,3,17152277.18578921,16892185.222967464,260091.96282174438,1.52,1,1Cr_to_2Cr
1173,1,4885,4,33392969.859060224,33084695.745585762,308274.1134744622,0.92,1,2Cr_to_5Cr
1174,2,892,2,27085966.14127252,26565566.165957477,520399.97531504184,1.92,1,2Cr_to_5Cr
1175,5,591,4,38806999.177634396,39294483.10397629,487483.9263418913,1.26,1,2Cr_to_5Cr
1176,2,898,3,27172747.21131899,26590581.378211293,582165.833107695,2.14,1,2Cr_to_5Cr
1177,5,1656,3,8087433.795910879,8083574.153233585,3859.6426772940904,0.05,1,50L_to_1Cr
1178,5,2368,3,12541749.847068438,13076408.418375427,534658.5713069886,4.26,1,1Cr_to_2Cr
1179,4,4722,2,16421243.459515497,15955587.571215708,465655.8882997893,2.84,1,1Cr_to_2Cr
1180,6,2586,3,21187347.618221756,21811487.50353628,624139.8853145242,2.95,1,2Cr_to_5Cr
1181,7,1216,3,33665980.384532094,33929106.66110359,263126.2765714973,0.78,1,2Cr_to_5Cr
1182,3,3620,2,7911701.506126105,7734325.80716765,177375.69895845465,2.24,1,50L_to_1Cr
1183,1,1873,3,19001511.31518409,19590361.409339115,588850.0941550247,3.1,1,1Cr_to_2Cr
1184,4,1486,4,27760694.548776988,27798093.097176068,37398.54839907959,0.13,1,2Cr_to_5Cr
1185,4,4599,2,44378287.46053764,44212596.02057179,165691.4399658516,0.37,1,2Cr_to_5Cr
1186,5,2274,3,8334907.6342108,7789100.732768465,545806.901442335,6.55,1,50L_to_1Cr
1187,1,1270,2,22480690.699223965,23032531.40566438,551840.7064404152,2.45,1,2Cr_to_5Cr
1188,6,2442,3,11368990.574452026,11229393.894108288,139596.68034373783,1.23,1,1Cr_to_2Cr
1189,4,672,2,23256102.31959712,22666308.095047753,589794.224549368,2.54,1,2Cr_to_5Cr
1190,2,1429,3,13345438.533951761,13499596.013085052,154157.47913329117,1.16,1,1Cr_to_2Cr
1191,6,3618,4,48535261.67064182,48842168.97867826,306907.3080364466,0.63,1,2Cr_to_5Cr
1192,1,4469,2,18075981.573183447,17633969.129704483,442012.44347896427,2.45,1,1Cr_to_2Cr
1193,5,1451,4,29966990.675623145,30377007.55083847,410016.8752153255,1.37,1,2Cr_to_5Cr
1194,5,1973,2,3588648.2299914155,3688466.0791222933,99817.84913087776,2.78,1,less_than_50L
1195,2,3590,2,10681062.813139949,11167644.024804953,486581.2116650045,4.56,1,1Cr_to_2Cr
1196,3,4788,5,20264655.875421856,20497050.977456372,232395.10203451663,1.15,1,2Cr_to_5Cr
1197,5,4197,5,19598390.87902404,19539882.40120153,58508.47782250866,0.3,1,1Cr_to_2Cr
1198,5,3689,1,9642367.243944101,9962830.67285241,320463.42890830897,3.32,1,50L_to_1Cr
1199,0,4147,1,48831647.160165586,48957749.5607507,126102.40058511496,0.26,1,2Cr_to_5Cr
1200,1,2505,2,44558851.57844007,45065449.77698487,506598.1985448003,1.14,1,2Cr_to_5Cr
1201,2,707,5,6005910.67981344,6713537.384938246,707626.7051248057,11.78,0,50L_to_1Cr
1202,1,3759,2,2745905.751671341,3884455.488124123,1138549.736452782,41.46,0,less_than_50L
1203,2,3576,3,15913423.10747669,15480286.8679483,433136.2395283915,2.72,1,1Cr_to_2Cr
1204,2,1651,4,17060641.845644213,17606868.23725713,546226.3916129172,3.2,1,1Cr_to_2Cr
1205,4,3147,1,25465649.108711544,25649310.44671652,183661.3380049765,0.72,1,2Cr_to_5Cr
1206,4,1917,3,24975594.217638284,24888240.223845985,87353.99379229918,0.35,1,2Cr_to_5Cr
1207,4,1778,2,43071204.91961715,42220679.08939463,850525.8302225247,1.97,1,2Cr_to_5Cr
1208,3,2361,4,27875191.740677964,28175180.605188373,299988.86451040953,1.08,1,2Cr_to_5Cr
1209,3,4705,2,6889933.959704923,6856780.442106381,33153.517598542385,0.48,1,50L_to_1Cr
1210,2,3263,3,22080313.946422573,21740596.187397514,339717.75902505964,1.54,1,2Cr_to_5Cr
1211,7,3056,3,9799217.0058536,9341985.05991856,457231.9459350407,4.67,1,50L_to_1Cr
1212,1,2894,2,13085502.330487847,13554785.725230087,469283.39474223927,3.59,1,1Cr_to_2Cr
1213,4,4967,1,39865111.34231618,40559411.83322841,694300.4909122288,1.74,1,2Cr_to_5Cr
1214,1,4405,2,28542763.45011404,27937383.862311237,605379.587802805,2.12,1,2Cr_to_5Cr
1215,5,3963,2,11344979.35620535,11905227.949902287,560248.593696937,4.94,1,1Cr_to_2Cr
1216,2,1322,4,7670358.535428813,7680345.908825824,9987.37339701131,0.13,1,50L_to_1Cr
1217,2,4862,3,23951774.931038015,23738818.215490103,212956.71554791182,0.89,1,2Cr_to_5Cr
1218,3,3359,3,37526680.56757351,36864751.339222446,661929.228351064,1.76,1,2Cr_to_5Cr
1219,7,583,3,15128549.146580646,16074278.66743462,945729.5208539739,6.25,1,1Cr_to_2Cr
1220,6,3758,4,24163511.43241248,23454613.540223166,708897.8921893127,2.93,1,2Cr_to_5Cr
1221,1,1798,2,14336538.60777861,14878284.237729471,541745.6299508605,3.78,1,1Cr_to_2Cr
1222,3,3196,2,15320371.805972299,14412169.994489495,908201.8114828039,5.93,1,1Cr_to_2Cr
1223,4,936,2,14659740.86703479,14289297.98690169,370442.88013309985,2.53,1,1Cr_to_2Cr
1224,6,1673,3,25454793.621172655,25637462.241292905,182668.6201202497,0.72,1,2Cr_to_5Cr
1225,3,3367,2,17712083.261296958,17648688.768608723,63394.492688234895,0.36,1,1Cr_to_2Cr
1226,1,3449,2,36887524.24907053,37178075.15261775,290550.90354721993,0.79,1,2Cr_to_5Cr
1227,2,1496,1,30124546.247538142,30381021.577446263,256475.32990812138,0.85,1,2Cr_to_5Cr
1228,1,1705,3,18269022.055729173,18494802.610052597,225780.55432342365,1.24,1,1Cr_to_2Cr
1229,6,1315,2,20766964.569029987,21057540.80744976,290576.2384197749,1.4,1,2Cr_to_5Cr
1230,0,3481,2,25589370.21043213,25957503.323171802,368133.112739671,1.44,1,2Cr_to_5Cr
1231,2,1428,2,33069849.894910224,32466152.0306747,603697.8642355241,1.83,1,2Cr_to_5Cr
1232,6,2377,3,7025367.258576974,6457865.569521732,567501.6890552426,8.08,1,50L_to_1Cr
1233,7,3754,2,12409571.389002379,11956696.294758063,452875.0942443162,3.65,1,1Cr_to_2Cr
1234,4,2911,2,8882235.060204413,8217533.736686708,664701.3235177044,7.48,1,50L_to_1Cr
1235,3,670,3,49806163.526869774,49576008.37173925,230155.15513052046,0.46,1,2Cr_to_5Cr
1236,2,1586,2,19034402.911299847,18762791.72039778,271611.1909020655,1.43,1,1Cr_to_2Cr
1237,1,4955,2,21805794.986244023,21654684.110386882,151110.87585714087,0.69,1,2Cr_to_5Cr
1238,1,4600,4,17714225.569236573,17293378.930641454,420846.6385951191,2.38,1,1Cr_to_2Cr
1239,4,4164,2,30483122.7416398,30103416.211426936,379706.5302128643,1.25,1,2Cr_to_5Cr
1240,6,2798,2,47530784.526588626,46565791.54022885,964992.9863597751,2.03,1,2Cr_to_5Cr
1241,1,4635,3,25059389.472687878,25554902.95349241,495513.48080453277,1.98,1,2Cr_to_5Cr
1242,4,4582,3,40277088.62952143,40253787.95309375,23300.676427677274,0.06,1,2Cr_to_5Cr
1243,1,2111,3,39426149.31164448,39334029.53277695,92119.77886752784,0.23,1,2Cr_to_5Cr
1244,6,2630,3,28983557.60248814,29679430.198586203,695872.5960980617,2.4,1,2Cr_to_5Cr
1245,2,528,2,15602516.63699576,15597659.65361811,4856.98337765038,0.03,1,1Cr_to_2Cr
1246,3,1669,2,44064002.34590985,42968538.40530129,1095463.940608561,2.49,1,2Cr_to_5Cr
1247,6,4072,4,13282765.766229054,13283920.68931348,1154.9230844266713,0.01,1,1Cr_to_2Cr
1248,2,2001,4,16345647.874870924,16473970.199093485,128322.32422256097,0.79,1,1Cr_to_2Cr
1249,3,4370,2,31500761.637789857,31589547.84997392,88786.21218406409,0.28,1,2Cr_to_5Cr
1250,5,4644,3,19594857.382024318,19625804.30476656,30946.922742243856,0.16,1,1Cr_to_2Cr
1251,7,1027,2,7118467.045345248,7493794.832114851,375327.7867696034,5.27,1,50L_to_1Cr
1252,4,4197,1,25786031.05638667,24928911.886333123,857119.1700535454,3.32,1,2Cr_to_5Cr
1253,2,2444,2,22487570.466623954,22072858.311651554,414712.1549724005,1.84,1,2Cr_to_5Cr
1254,7,3952,2,15921818.080303486,15567019.295302914,354798.785000572,2.23,1,1Cr_to_2Cr
1255,6,2741,3,41910112.12011604,42301683.60699866,391571.48688261956,0.93,1,2Cr_to_5Cr
1256,5,3614,3,12378912.486538365,11843698.440577881,535214.0459604841,4.32,1,1Cr_to_2Cr
1257,4,649,2,27721325.404749617,27245038.260633837,476287.14411577955,1.72,1,2Cr_to_5Cr
1258,2,3325,1,16459610.186984759,16124588.704160312,335021.48282444663,2.04,1,1Cr_to_2Cr
1259,5,1374,4,21390361.32347059,22090653.4096223,700292.0861517116,3.27,1,2Cr_to_5Cr
1260,0,1725,2,6227889.28338591,5611996.202055523,615893.0813303869,9.89,1,50L_to_1Cr
1261,6,1383,3,4654074.258120852,4491314.84714779,162759.4109730618,3.5,1,less_than_50L
1262,4,1288,2,20105905.133714236,20276361.960303877,170456.82658964023,0.85,1,2Cr_to_5Cr
1263,0,3337,3,29578655.73958025,29367006.140227627,211649.59935262427,0.72,1,2Cr_to_5Cr
1264,4,2517,2,28347792.90303958,28477195.60517243,129402.70213285089,0.46,1,2Cr_to_5Cr
1265,6,3072,1,9232198.039524369,9539295.55924814,307097.51972377114,3.33,1,50L_to_1Cr
1266,6,1726,2,8312064.4568407,8382111.631900254,70047.17505955417,0.84,1,50L_to_1Cr
1267,5,870,2,22501156.364638288,23171770.853249297,670614.488611009,2.98,1,2Cr_to_5Cr
1268,5,2387,2,13797334.949268004,13843059.344859326,45724.39559132233,0.33,1,1Cr_to_2Cr
1269,2,490,3,19689577.16883656,19023137.61609085,666439.5527457111,3.38,1,1Cr_to_2Cr
1270,4,929,2,25840213.742184855,25971445.331098776,131231.58891392127,0.51,1,2Cr_to_5Cr
1271,2,4459,1,21823021.58410042,21335720.042024657,487301.5420757644,2.23,1,2Cr_to_5Cr
1272,5,3173,3,15716673.709156213,15491074.760369234,225598.94878697954,1.44,1,1Cr_to_2Cr
1273,4,2086,3,25680982.10787327,25641321.650301553,39660.45757171512,0.15,1,2Cr_to_5Cr
1274,2,591,5,17816222.890435286,17424961.088887807,391261.8015474789,2.2,1,1Cr_to_2Cr
1275,6,2386,3,9328920.782575637,9143029.680073919,185891.10250171833,1.99,1,50L_to_1Cr
1276,6,4023,3,26904911.281348597,26662457.35241979,242453.92892880738,0.9,1,2Cr_to_5Cr
1277,0,2585,3,26659199.195126284,26511073.385694508,148125.8094317764,0.56,1,2Cr_to_5Cr
1278,1,4840,4,6749975.165902848,6619660.378112925,130314.78778992314,1.93,1,50L_to_1Cr
1279,5,1408,4,32843233.397669073,33336644.642811872,493411.24514279887,1.5,1,2Cr_to_5Cr
1280,2,4183,2,17070573.31070875,16909286.368515972,161286.942192778,0.94,1,1Cr_to_2Cr
1281,1,4698,2,45257216.25370647,45750214.792392984,492998.5386865139,1.09,1,2Cr_to_5Cr
1282,1,4687,2,11450677.903145581,11800488.245560434,349810.34241485223,3.05,1,1Cr_to_2Cr
1283,7,2452,3,34941169.64193787,34443602.71721782,497566.9247200489,1.42,1,2Cr_to_5Cr
1284,4,3708,3,11808274.748615094,11405334.203190412,402940.54542468116,3.41,1,1Cr_to_2Cr
1285,3,2116,3,3938140.0482079554,3873872.98213604,64267.06607191544,1.63,1,less_than_50L
1286,7,710,1,20662639.235705152,21166566.838724986,503927.60301983356,2.44,1,2Cr_to_5Cr
1287,5,4938,3,12533905.404860565,12674452.626433728,140547.22157316282,1.12,1,1Cr_to_2Cr
1288,0,1660,4,25547156.074695118,24923200.416232098,623955.6584630199,2.44,1,2Cr_to_5Cr
1289,4,4332,2,21076948.675802078,21129281.16474408,52332.488942001015,0.25,1,2Cr_to_5Cr
1290,3,3668,3,12830996.365990099,12670793.729590334,160202.63639976457,1.25,1,1Cr_to_2Cr
1291,1,984,2,9585496.27995419,9577542.145827182,7954.134127007797,0.08,1,50L_to_1Cr
1292,0,3199,4,37374375.094949745,36594602.931843564,779772.1631061807,2.09,1,2Cr_to_5Cr
1293,3,759,4,5855903.1366399275,5766082.122225912,89821.01441401523,1.53,1,50L_to_1Cr
1294,6,3266,3,25352306.03157332,24838786.12250691,513519.9090664126,2.03,1,2Cr_to_5Cr
1295,5,2411,3,3675628.940452893,4017532.103140044,341903.1626871512,9.3,1,less_than_50L
1296,0,4406,4,5841234.3672646,5783895.876104235,57338.49116036482,0.98,1,50L_to_1Cr
1297,6,2025,3,16018479.548506087,15970840.485133085,47639.06337300129,0.3,1,1Cr_to_2Cr
1298,2,3164,2,11685748.0248729,11409684.371620866,276063.6532520354,2.36,1,1Cr_to_2Cr
1299,0,1290,3,18025389.913692135,18170104.06984111,144714.15614897385,0.8,1,1Cr_to_2Cr
1300,0,1131,2,4116278.983826804,4298409.87786623,182130.894039426,4.42,1,less_than_50L
1301,4,4361,2,40650585.828470185,40777473.46331287,126887.63484268636,0.31,1,2Cr_to_5Cr
1302,7,2904,4,8698514.559594609,8419815.597888475,278698.96170613356,3.2,1,50L_to_1Cr
1303,5,1014,3,25530721.3003517,25799403.914168008,268682.613816306,1.05,1,2Cr_to_5Cr
1304,1,4206,2,18233799.17836506,18478665.140979946,244865.96261488646,1.34,1,1Cr_to_2Cr
1305,5,2119,2,17801369.82314396,18127052.03378597,325682.21064201,1.83,1,1Cr_to_2Cr
1306,4,1987,2,43445351.80266808,43770829.121473126,325477.3188050464,0.75,1,2Cr_to_5Cr
1307,0,2011,2,11424003.023872705,10909358.576761184,514644.4471115209,4.5,1,1Cr_to_2Cr
1308,1,1296,2,15962026.186131466,15647693.427447442,314332.7586840242,1.97,1,1Cr_to_2Cr
1309,6,677,3,4585031.370411572,4882899.027765114,297867.6573535418,6.5,1,less_than_50L
1310,5,2036,2,27721602.14970083,27494351.63895165,227250.51074917987,0.82,1,2Cr_to_5Cr
1311,7,2558,3,20569418.571258686,20939693.082163244,370274.510904558,1.8,1,2Cr_to_5Cr
1312,7,2832,2,22383162.704165243,22698558.95797808,315396.25381283835,1.41,1,2Cr_to_5Cr
1313,3,3662,2,25709357.37548253,26143859.142741412,434501.7672588825,1.69,1,2Cr_to_5Cr
1314,7,1849,1,23438597.34280564,23410447.024979237,28150.317826401442,0.12,1,2Cr_to_5Cr
1315,3,4900,1,5688909.865184109,5438160.914003544,250748.95118056517,4.41,1,50L_to_1Cr
1316,1,1632,3,15169573.852990441,14929346.801927388,240227.0510630533,1.58,1,1Cr_to_2Cr
1317,7,4517,3,41845452.09399629,42215256.74535965,369804.65136336535,0.88,1,2Cr_to_5Cr
1318,2,1077,2,24537924.188940868,24313547.968053658,224376.22088721022,0.91,1,2Cr_to_5Cr
1319,0,3058,2,30743751.661088627,30463419.050559446,280332.6105291806,0.91,1,2Cr_to_5Cr
1320,6,2428,1,13584742.03593654,13911420.715016445,326678.67907990515,2.4,1,1Cr_to_2Cr
1321,0,4158,3,32933049.629814174,32457519.906768084,475529.72304609045,1.44,1,2Cr_to_5Cr
1322,0,2437,3,23496896.844105065,23538316.74185742,41419.897752355784,0.18,1,2Cr_to_5Cr
1323,5,3049,2,16339794.349574773,15829371.113160798,510423.2364139743,3.12,1,1Cr_to_2Cr
1324,3,1056,2,16626299.926865324,16858383.88625763,232083.95939230546,1.4,1,1Cr_to_2Cr
1325,2,565,2,10907784.553896248,10526929.370074686,380855.1838215627,3.49,1,1Cr_to_2Cr
1326,1,4991,2,30813652.5344757,30041865.625173338,771786.9093023613,2.5,1,2Cr_to_5Cr
1327,1,989,3,21026941.78918245,21457154.865019005,430213.07583655417,2.05,1,2Cr_to_5Cr
1328,7,4924,2,20270919.415633883,20432851.218015622,161931.80238173902,0.8,1,2Cr_to_5Cr
1329,7,3221,2,9062167.018741531,9189302.826692823,127135.80795129202,1.4,1,50L_to_1Cr
1330,2,4658,2,7690838.19198692,8216681.1273767315,525842.9353898112,6.84,1,50L_to_1Cr
1331,4,1662,5,10061226.756417314,9527895.641464332,533331.1149529815,5.3,1,1Cr_to_2Cr
1332,4,471,4,25953409.46177202,25828615.380729,124794.08104301989,0.48,1,2Cr_to_5Cr
1333,7,3916,2,6706723.102055941,6906438.902670399,199715.8006144585,2.98,1,50L_to_1Cr
1334,4,3980,2,31237285.32525963,30010992.802577965,1226292.5226816647,3.93,1,2Cr_to_5Cr
1335,6,668,2,21245419.728511896,20818376.716878716,427043.0116331801,2.01,1,2Cr_to_5Cr
1336,2,2176,3,7610834.674097656,7722394.808367053,111560.13426939677,1.47,1,50L_to_1Cr
1337,6,2862,1,31182059.956734575,31293339.95062568,111279.99389110506,0.36,1,2Cr_to_5Cr
1338,4,1668,3,42795388.88556139,42476786.570226654,318602.3153347373,0.74,1,2Cr_to_5Cr
1339,7,1415,3,26429968.36291014,26747622.19210831,317653.82919817045,1.2,1,2Cr_to_5Cr
1340,0,3122,4,18917693.65838128,18457915.40681399,459778.25156728923,2.43,1,1Cr_to_2Cr
1341,0,1483,2,13556354.932111435,13630780.086510973,74425.15439953841,0.55,1,1Cr_to_2Cr
1342,1,806,3,21199762.622606225,20831065.001427844,368697.62117838115,1.74,1,2Cr_to_5Cr
1343,5,3476,2,6786528.740382847,5806769.54573075,979759.1946520973,14.44,0,50L_to_1Cr
1344,0,1385,2,30153195.89522929,29829119.295498006,324076.5997312851,1.07,1,2Cr_to_5Cr
1345,0,4003,2,9037696.915416103,8281999.471101326,755697.4443147769,8.36,1,50L_to_1Cr
1346,7,4885,2,24236132.58814147,24709498.780108307,473366.1919668354,1.95,1,2Cr_to_5Cr
1347,2,1109,2,17487492.10810836,17666445.948855612,178953.8407472521,1.02,1,1Cr_to_2Cr
1348,3,3018,3,24520483.973647304,24391490.44833813,128993.52530917525,0.53,1,2Cr_to_5Cr
1349,3,1811,2,11658031.110754963,11628556.669495372,29474.44125959091,0.25,1,1Cr_to_2Cr
1350,7,1885,4,5581201.844053975,5053563.636118725,527638.2079352504,9.45,1,50L_to_1Cr
1351,4,3350,2,21311453.12658839,21299830.66832444,11622.45826394856,0.05,1,2Cr_to_5Cr
1352,0,3334,5,11060689.486788062,10186154.96716598,874534.5196220819,7.91,1,1Cr_to_2Cr
1353,0,4514,2,42074630.856641375,42358932.52827302,284301.67163164914,0.68,1,2Cr_to_5Cr
1354,6,1403,3,11441842.256486515,11033466.248857282,408376.0076292325,3.57,1,1Cr_to_2Cr
1355,6,2866,2,29042110.640639305,28440895.595415775,601215.0452235304,2.07,1,2Cr_to_5Cr
1356,7,2866,2,42507576.163107336,42807361.492043756,299785.3289364204,0.71,1,2Cr_to_5Cr
1357,1,2338,4,10239760.740700623,9567483.485211028,672277.2554895952,6.57,1,1Cr_to_2Cr
1358,2,2339,2,13769093.938137513,13865136.715618977,96042.77748146467,0.7,1,1Cr_to_2Cr
1359,4,2035,3,48490675.06912485,49310121.08803822,819446.0189133734,1.69,1,2Cr_to_5Cr
1360,0,2098,3,18101724.612998597,18475536.038171772,373811.4251731746,2.07,1,1Cr_to_2Cr
1361,1,4927,3,23083959.574595276,22604035.920077518,479923.65451775864,2.08,1,2Cr_to_5Cr
1362,7,2491,3,19407642.45464099,19045060.30817503,362582.14646595716,1.87,1,1Cr_to_2Cr
1363,7,2295,3,32806416.23192166,32660832.53593186,145583.69598980248,0.44,1,2Cr_to_5Cr
1364,0,4640,1,21371495.015315056,21501323.53731827,129828.5220032148,0.61,1,2Cr_to_5Cr
1365,1,3798,3,29158111.259556405,29683586.1868434,525474.9272869937,1.8,1,2Cr_to_5Cr
1366,3,1473,4,25810559.47738435,25963566.820273627,153007.3428892754,0.59,1,2Cr_to_5Cr
1367,7,2802,1,16736426.546759607,16267677.141187172,468749.4055724349,2.8,1,1Cr_to_2Cr
1368,2,3612,2,25078456.47184758,24136869.410445772,941587.0614018068,3.75,1,2Cr_to_5Cr
1369,5,4437,3,12219588.199959077,11827192.829577416,392395.37038166076,3.21,1,1Cr_to_2Cr
1370,4,1551,2,3765427.9047764135,3584398.1307601077,181029.7740163058,4.81,1,less_than_50L
1371,1,2845,2,26129637.643226597,26183790.09032887,54152.44710227102,0.21,1,2Cr_to_5Cr
1372,3,2356,2,22403312.012378924,21851556.892754257,551755.1196246669,2.46,1,2Cr_to_5Cr
1373,1,4958,3,33108181.425664548,33187949.211878404,79767.78621385619,0.24,1,2Cr_to_5Cr
1374,3,4307,2,26900642.41614507,26319314.446824286,581327.9693207853,2.16,1,2Cr_to_5Cr
1375,3,1207,3,25556408.300857577,25896940.64520207,340532.344344493,1.33,1,2Cr_to_5Cr
1376,2,586,3,14579984.112887302,14701702.963509306,121718.8506220039,0.83,1,1Cr_to_2Cr
1377,4,4924,2,18911634.866127793,18874019.39159511,37615.47453268245,0.2,1,1Cr_to_2Cr
1378,7,1707,3,47928048.99452655,48210321.940386035,282272.9458594844,0.59,1,2Cr_to_5Cr
1379,3,2684,5,33064679.17456547,32682087.786062006,382591.3885034658,1.16,1,2Cr_to_5Cr
1380,7,1157,3,21598086.75195128,21301966.46587976,296120.2860715203,1.37,1,2Cr_to_5Cr
1381,4,4631,4,16355409.896276668,16172875.731031187,182534.16524548084,1.12,1,1Cr_to_2Cr
1382,7,4254,2,19205365.383168668,18705549.077370323,499816.3057983443,2.6,1,1Cr_to_2Cr
1383,0,4666,3,15832083.08253301,16484456.076436687,652372.9939036779,4.12,1,1Cr_to_2Cr
1384,2,2606,1,13134906.042384615,13109013.955816846,25892.086567768827,0.2,1,1Cr_to_2Cr
1385,2,3958,2,26988909.58671644,27363171.129833817,374261.5431173779,1.39,1,2Cr_to_5Cr
1386,6,1980,2,6022537.172990139,6508626.586070301,486089.41308016237,8.07,1,50L_to_1Cr
1387,2,1361,2,22869522.976917736,22251506.814318143,618016.1625995934,2.7,1,2Cr_to_5Cr
1388,3,4247,4,13860068.296687834,14523049.003209814,662980.7065219805,4.78,1,1Cr_to_2Cr
1389,4,3975,2,36809868.98575665,36951357.9167633,141488.93100664765,0.38,1,2Cr_to_5Cr
1390,2,1275,3,41212950.78960624,41090555.98211552,122394.80749072134,0.3,1,2Cr_to_5Cr
1391,1,2818,3,28627760.68082414,28989526.948232464,361766.26740832627,1.26,1,2Cr_to_5Cr
1392,4,4598,3,31315001.126166843,31259422.291219864,55578.83494697884,0.18,1,2Cr_to_5Cr
1393,3,1401,2,18542161.004257247,18824641.23748215,282480.2332249023,1.52,1,1Cr_to_2Cr
1394,4,3784,3,6685959.16152149,6405010.5927439565,280948.56877753325,4.2,1,50L_to_1Cr
1395,2,4466,2,9276590.92106436,8966921.884052334,309669.0370120257,3.34,1,50L_to_1Cr
1396,1,3245,1,48318733.67864358,48083055.51682371,235678.1618198678,0.49,1,2Cr_to_5Cr
1397,6,1881,5,47349971.86621967,47524676.26880683,174704.40258716047,0.37,1,2Cr_to_5Cr
1398,3,3701,2,26894552.98526998,26410365.42756491,484187.5577050671,1.8,1,2Cr_to_5Cr
1399,5,1057,1,4005451.2248858297,4477460.024207532,472008.7993217027,11.78,0,less_than_50L
1400,0,3180,4,3378599.0103973295,3665505.2414227,286906.23102537077,8.49,1,less_than_50L
1401,3,822,2,8008627.46852505,8051747.881045518,43120.412520468235,0.54,1,50L_to_1Cr
1402,4,4081,3,19924871.45443862,19574439.466418535,350431.9880200848,1.76,1,1Cr_to_2Cr
1403,5,4666,2,21040868.925162464,20055200.283329975,985668.6418324895,4.68,1,2Cr_to_5Cr
1404,5,3110,2,12801415.454956371,12903143.007766511,101727.55281013995,0.79,1,1Cr_to_2Cr
1405,7,852,2,24894776.832518067,24818175.170916464,76601.66160160303,0.31,1,2Cr_to_5Cr
1406,5,2797,2,4439360.090254323,5123009.754980988,683649.6647266652,15.4,0,less_than_50L
1407,7,2375,2,13904584.164672436,12983260.27030964,921323.8943627961,6.63,1,1Cr_to_2Cr
1408,0,2057,3,16953740.198794298,17273700.117502887,319959.9187085889,1.89,1,1Cr_to_2Cr
1409,5,2941,3,6969833.185639863,6379864.147906517,589969.0377333462,8.46,1,50L_to_1Cr
1410,1,3475,4,22258154.444305792,21991054.752726264,267099.69157952815,1.2,1,2Cr_to_5Cr
1411,6,3564,1,26973027.690406278,26045518.559961036,927509.1304452419,3.44,1,2Cr_to_5Cr
1412,6,3366,3,28140578.975058008,28138518.83567908,2060.139378927648,0.01,1,2Cr_to_5Cr
1413,5,2453,3,19530642.932410732,19709401.625681482,178758.69327075034,0.92,1,1Cr_to_2Cr
1414,4,687,4,47086604.56896592,46593160.27036599,493444.2985999286,1.05,1,2Cr_to_5Cr
1415,4,3617,1,6752468.002591099,6626288.643328632,126179.35926246643,1.87,1,50L_to_1Cr
1416,7,4254,3,26041371.526410263,25193923.74241343,847447.7839968316,3.25,1,2Cr_to_5Cr
1417,2,1847,4,22948830.426229984,23344651.763302848,395821.3370728642,1.72,1,2Cr_to_5Cr
1418,6,1007,2,10555451.9640319,10365202.613895068,190249.3501368314,1.8,1,1Cr_to_2Cr
1419,2,4952,4,4437053.461023165,4407351.606070978,29701.854952187277,0.67,1,less_than_50L
1420,6,2164,1,25708886.608388163,25586573.38155418,122313.22683398426,0.48,1,2Cr_to_5Cr
1421,2,1625,3,6747248.419089173,6646010.36022608,101238.05886309315,1.5,1,50L_to_1Cr
1422,2,1635,4,10473966.033785155,10274122.077461218,199843.95632393658,1.91,1,1Cr_to_2Cr
1423,6,1429,3,28444123.483350836,29069719.899316017,625596.4159651808,2.2,1,2Cr_to_5Cr
1424,0,3071,2,47064737.150725685,47448343.2222769,383606.0715512186,0.82,1,2Cr_to_5Cr
1425,1,4362,1,29032774.41680534,28015190.38035484,1017584.0364505015,3.5,1,2Cr_to_5Cr
1426,1,4942,4,27273071.91003471,28104597.186852228,831525.2768175192,3.05,1,2Cr_to_5Cr
1427,4,3577,3,9770147.99342986,9734506.28794058,35641.7054892797,0.36,1,50L_to_1Cr
1428,2,4122,1,23725158.507118322,23521668.219697095,203490.2874212265,0.86,1,2Cr_to_5Cr
1429,2,1875,3,19504751.220458623,19220273.08334849,284478.1371101327,1.46,1,1Cr_to_2Cr
1430,0,3296,3,29057662.08330513,29349653.427052975,291991.34374784306,1.0,1,2Cr_to_5Cr
1431,2,1208,2,5298715.003179464,5288910.822002839,9804.18117662426,0.19,1,50L_to_1Cr
1432,0,1378,2,4396683.6984826205,4569935.210886911,173251.51240429003,3.94,1,less_than_50L
1433,2,2863,1,20309861.90810008,20397657.71880783,87795.81070775166,0.43,1,2Cr_to_5Cr
1434,2,1125,3,24817705.47934854,24553586.4916208,264118.9877277389,1.06,1,2Cr_to_5Cr
1435,0,2901,3,29555839.60080084,28218175.47916019,1337664.1216406487,4.53,1,2Cr_to_5Cr
1436,7,3762,3,24775922.456360377,24822301.57203934,46379.11567896232,0.19,1,2Cr_to_5Cr
1437,3,1616,4,12907488.30154681,12830929.653881447,76558.6476653628,0.59,1,1Cr_to_2Cr
1438,2,4451,4,23263279.05371691,23187321.66087224,75957.39284466952,0.33,1,2Cr_to_5Cr
1439,7,2597,3,19050522.79772834,19354421.024965208,303898.22723686695,1.6,1,1Cr_to_2Cr
1440,1,3206,1,24865716.821254056,24423466.577410337,442250.24384371936,1.78,1,2Cr_to_5Cr
1441,2,1178,3,14018039.53030799,14082856.610865992,64817.080558001995,0.46,1,1Cr_to_2Cr
1442,1,1372,2,10626369.472527562,10356966.224310871,269403.2482166905,2.54,1,1Cr_to_2Cr
1443,4,3210,3,15895394.598696848,16127757.481379285,232362.88268243708,1.46,1,1Cr_to_2Cr
1444,3,2523,3,13105744.8142851,12879383.523916354,226361.2903687451,1.73,1,1Cr_to_2Cr
1445,6,998,2,26614377.112606145,27001867.982239343,387490.8696331978,1.46,1,2Cr_to_5Cr
1446,3,3741,4,29192026.897570565,29514811.252016656,322784.35444609076,1.11,1,2Cr_to_5Cr
1447,2,624,2,8604187.159652133,8532996.46963822,71190.69001391344,0.83,1,50L_to_1Cr
1448,2,1240,3,44431704.41717118,44197597.5808313,234106.8363398835,0.53,1,2Cr_to_5Cr
1449,0,2214,1,30095216.314126384,29976315.902175345,118900.41195103899,0.4,1,2Cr_to_5Cr
1450,3,1506,4,16955456.67783217,16550148.446599375,405308.23123279586,2.39,1,1Cr_to_2Cr
1451,3,524,2,43125068.417948484,42906119.26806042,218949.149888061,0.51,1,2Cr_to_5Cr
1452,4,3646,1,7699217.608501168,7753779.156489118,54561.547987950034,0.71,1,50L_to_1Cr
1453,5,3331,2,12079676.131917933,11641376.335475016,438299.7964429166,3.63,1,1Cr_to_2Cr
1454,1,4525,2,13247201.616662424,13253300.35723694,6098.740574516356,0.05,1,1Cr_to_2Cr
1455,0,3371,2,41010276.03740288,42040291.89885646,1030015.8614535779,2.51,1,2Cr_to_5Cr
1456,6,2417,3,29676553.598982677,29826566.93700693,150013.3380242549,0.51,1,2Cr_to_5Cr
1457,0,2815,2,10266090.574798364,9272263.067817137,993827.5069812275,9.68,1,1Cr_to_2Cr
1458,5,4990,1,15443965.388691667,14907695.244034246,536270.1446574219,3.47,1,1Cr_to_2Cr
1459,3,3496,2,42920224.41085366,42907314.95331043,12909.457543231547,0.03,1,2Cr_to_5Cr
1460,6,2009,4,17368224.199050143,17759681.323130023,391457.1240798794,2.25,1,1Cr_to_2Cr
1461,3,1117,3,8321224.044443684,8521110.008908678,199885.96446499415,2.4,1,50L_to_1Cr
1462,0,3961,3,5442892.561031967,5703702.500247042,260809.9392150743,4.79,1,50L_to_1Cr
1463,1,1416,3,6065961.037932958,6163717.774892945,97756.73695998639,1.61,1,50L_to_1Cr
1464,6,3965,2,16948353.742312368,17311491.38503512,363137.64272275195,2.14,1,1Cr_to_2Cr
1465,5,4870,1,23168585.66232767,22999626.01972861,168959.64259906113,0.73,1,2Cr_to_5Cr
1466,7,2360,2,22635960.750312522,23298563.113449924,662602.3631374016,2.93,1,2Cr_to_5Cr
1467,1,1448,4,28902224.83231965,29018134.20497493,115909.37265527993,0.4,1,2Cr_to_5Cr
1468,5,1757,5,24237598.745214034,24286052.393113986,48453.647899951786,0.2,1,2Cr_to_5Cr
1469,6,3826,3,42935150.01704633,42680892.360112555,254257.65693377703,0.59,1,2Cr_to_5Cr
1470,3,515,1,19053572.261545498,18673474.491401915,380097.7701435834,1.99,1,1Cr_to_2Cr
1471,5,2495,2,40197045.318626665,41329212.5019406,1132167.183313936,2.82,1,2Cr_to_5Cr
1472,3,2201,2,28959340.412124064,28074805.277409833,884535.1347142309,3.05,1,2Cr_to_5Cr
1473,1,2546,3,23272969.071591083,23219524.28324633,53444.78834475204,0.23,1,2Cr_to_5Cr
1474,1,2020,1,37849883.77266522,37859531.144822665,9647.37215744704,0.03,1,2Cr_to_5Cr
1475,5,3350,4,3174739.8346588137,3573332.8181524463,398592.98349363264,12.56,0,less_than_50L
1476,3,4192,2,2951438.403266549,3748383.7068064534,796945.3035399043,27.0,0,less_than_50L
1477,6,3341,4,20236477.239969555,20036096.639089525,200380.60088003054,0.99,1,2Cr_to_5Cr
1478,5,1377,3,11059567.336080154,11587806.05543667,528238.7193565164,4.78,1,1Cr_to_2Cr
1479,7,3466,3,4191234.271798704,3523823.4546780726,667410.8171206312,15.92,0,less_than_50L
1480,0,1183,3,20715548.61630503,21113198.255662274,397649.63935724273,1.92,1,2Cr_to_5Cr
1481,4,640,3,50362446.0071083,49245179.28014463,1117266.726963669,2.22,1,5Cr_plus
1482,1,1953,3,37561092.139249146,37935948.0058352,374855.8665860519,1.0,1,2Cr_to_5Cr
1483,3,4978,3,13236772.71817219,13451531.580199137,214758.86202694662,1.62,1,1Cr_to_2Cr
1484,6,1412,3,14948787.257296117,14820197.95358921,128589.30370690674,0.86,1,1Cr_to_2Cr
1485,1,586,5,3403114.7802882264,3449609.7262763362,46494.9459881098,1.37,1,less_than_50L
1486,6,2281,3,27269692.86893748,27663193.360777136,393500.49183965474,1.44,1,2Cr_to_5Cr
1487,1,4986,3,36429896.00313982,35670908.29474211,758987.7083977163,2.08,1,2Cr_to_5Cr
1488,3,830,4,29792626.330096498,30455089.648925062,662463.3188285641,2.22,1,2Cr_to_5Cr
1489,6,638,2,42781971.3098965,42341571.672246784,440399.63764971495,1.03,1,2Cr_to_5Cr
1490,3,2745,1,16037360.969437895,16339623.983771013,302263.01433311775,1.88,1,1Cr_to_2Cr
1491,6,475,3,8678682.535171447,8709061.687517459,30379.15234601125,0.35,1,50L_to_1Cr
1492,1,1756,3,17403933.57504687,17164063.52828341,239870.04676346108,1.38,1,1Cr_to_2Cr
1493,4,2730,4,8363884.852310438,8432091.547709314,68206.69539887644,0.82,1,50L_to_1Cr
1494,0,2302,2,8319471.590547322,8404951.392165693,85479.80161837023,1.03,1,50L_to_1Cr
1495,0,4413,3,12455528.761190102,12377437.080266133,78091.68092396855,0.63,1,1Cr_to_2Cr
1496,4,2459,3,34608335.519008465,34127602.293225355,480733.22578310966,1.39,1,2Cr_to_5Cr
1497,0,540,1,3477462.302116721,3936530.575051262,459068.2729345411,13.2,0,less_than_50L
1498,5,2189,3,6027048.387695098,4318940.329917028,1708108.0577780707,28.34,0,50L_to_1Cr
1499,7,4026,4,31954284.42213421,32379156.466338288,424872.0442040786,1.33,1,2Cr_to_5Cr
1500,7,416,2,38783998.57270711,39422602.30815291,638603.7354457974,1.65,1,2Cr_to_5Cr
1501,5,4748,3,7769409.715365094,7980359.594717794,210949.87935269997,2.72,1,50L_to_1Cr
1502,5,864,3,20038939.95208868,19725935.820750043,313004.1313386373,1.56,1,2Cr_to_5Cr
1503,2,4871,2,17275535.452974174,16611225.499811845,664309.9531623293,3.85,1,1Cr_to_2Cr
1504,3,2227,2,19185348.693024516,19109523.78425316,75824.9087713547,0.4,1,1Cr_to_2Cr
1505,6,3428,5,27494611.476545688,27765948.364106726,271336.88756103814,0.99,1,2Cr_to_5Cr
1506,7,919,2,16030454.04510546,16071953.076345028,41499.03123956919,0.26,1,1Cr_to_2Cr
1507,1,489,2,5495872.463609643,5183518.408980874,312354.05462876894,5.68,1,50L_to_1Cr
1508,5,3251,2,20502533.90874146,19961459.797383767,541074.1113576926,2.64,1,2Cr_to_5Cr
1509,0,3243,3,30161122.859814174,30150102.057369895,11020.802444279194,0.04,1,2Cr_to_5Cr
1510,4,2284,3,14019398.9480616,14301247.720306812,281848.7722452115,2.01,1,1Cr_to_2Cr
1511,2,1325,1,48155331.603350215,48116767.0292512,38564.57409901172,0.08,1,2Cr_to_5Cr
1512,4,4134,4,7393862.565926823,7693472.261606265,299609.695679442,4.05,1,50L_to_1Cr
1513,0,1369,2,19482688.741878785,19990239.39148487,507550.6496060863,2.61,1,1Cr_to_2Cr
1514,5,1494,2,19091211.542669628,18165343.271956224,925868.2707134038,4.85,1,1Cr_to_2Cr
1515,6,3595,3,46292218.191213615,46479343.131712936,187124.94049932063,0.4,1,2Cr_to_5Cr
1516,5,1804,2,10396703.789058162,10401922.435341742,5218.64628357999,0.05,1,1Cr_to_2Cr
1517,7,3764,4,26488125.456091832,26315802.984647553,172322.47144427896,0.65,1,2Cr_to_5Cr
1518,7,4690,4,11235023.829779148,11323479.809880452,88455.98010130413,0.79,1,1Cr_to_2Cr
1519,3,4382,2,7069756.783236853,6485312.635310288,584444.1479265653,8.27,1,50L_to_1Cr
1520,0,4723,4,47671722.63617985,47659357.71975382,12364.916426032782,0.03,1,2Cr_to_5Cr
1521,2,4413,3,27678964.731521163,27997835.353324506,318870.6218033433,1.15,1,2Cr_to_5Cr
1522,2,3492,2,25417555.161168948,25284123.16216045,133431.9990084991,0.52,1,2Cr_to_5Cr
1523,1,4559,3,20052676.527502168,20460542.7949017,407866.26739953086,2.03,1,2Cr_to_5Cr
1524,2,2474,2,10242823.639495468,10134677.508270588,108146.13122488,1.06,1,1Cr_to_2Cr
1525,5,684,4,32643977.98880426,33393576.725719802,749598.7369155437,2.3,1,2Cr_to_5Cr
1526,5,1587,1,24921643.459250197,25368311.979271937,446668.52002174035,1.79,1,2Cr_to_5Cr
1527,7,4369,3,30678577.9507135,30784329.459234856,105751.50852135569,0.34,1,2Cr_to_5Cr
1528,3,3365,2,5488025.022466151,5609896.179028068,121871.1565619167,2.22,1,50L_to_1Cr
1529,0,4719,2,41148046.71334757,40243403.206330694,904643.5070168748,2.2,1,2Cr_to_5Cr
1530,5,1183,3,8490295.646796692,8578286.598158654,87990.95136196166,1.04,1,50L_to_1Cr
1531,7,1349,4,25314702.738060813,25053559.660717458,261143.07734335586,1.03,1,2Cr_to_5Cr
1532,4,4339,3,18269572.421531055,18357624.830068327,88052.40853727236,0.48,1,1Cr_to_2Cr
1533,7,444,4,23649311.13333584,23467378.43053918,181932.70279666036,0.77,1,2Cr_to_5Cr
1534,6,2210,2,17631134.56636777,17395057.16413862,236077.40222915262,1.34,1,1Cr_to_2Cr
1535,0,4966,3,12825551.647056049,12831977.507997619,6425.860941570252,0.05,1,1Cr_to_2Cr
1536,3,2481,3,11971516.711358856,11922473.311312614,49043.4000462424,0.41,1,1Cr_to_2Cr
1537,5,3898,1,11762112.175866978,12349264.40739796,587152.2315309811,4.99,1,1Cr_to_2Cr
1538,6,1229,3,25448642.505805314,25743219.834799435,294577.3289941214,1.16,1,2Cr_to_5Cr
1539,1,2309,3,17865120.24400191,18350658.97370143,485538.72969951853,2.72,1,1Cr_to_2Cr
1540,1,2981,3,32742247.500069026,32528497.85597771,213749.64409131557,0.65,1,2Cr_to_5Cr
1541,7,1091,3,8832557.951817442,8353855.031578506,478702.9202389354,5.42,1,50L_to_1Cr
1542,3,4419,3,7858361.408923784,8306232.989506762,447871.5805829773,5.7,1,50L_to_1Cr
1543,2,1331,1,23634162.1137016,23981291.415048264,347129.3013466634,1.47,1,2Cr_to_5Cr
1544,3,3806,2,13757121.00229643,13585456.449135166,171664.55316126347,1.25,1,1Cr_to_2Cr
1545,3,547,3,6079654.451290269,6002581.290956813,77073.16033345647,1.27,1,50L_to_1Cr
1546,3,1432,2,23903746.924620774,23767020.76784933,136726.15677144378,0.57,1,2Cr_to_5Cr
1547,7,1711,1,19981980.710052766,20049387.44674049,67406.73668772355,0.34,1,1Cr_to_2Cr
1548,6,787,2,16643656.681303216,16632338.544841178,11318.136462038383,0.07,1,1Cr_to_2Cr
1549,7,3521,3,24418019.2905249,23775706.433099363,642312.857425537,2.63,1,2Cr_to_5Cr
1550,2,2273,2,7328079.7917843005,7363377.022603864,35297.23081956338,0.48,1,50L_to_1Cr
1551,6,3988,3,45345954.35925318,45105957.30312261,239997.05613057315,0.53,1,2Cr_to_5Cr
1552,2,1315,3,45144112.02565839,44149582.511104666,994529.5145537257,2.2,1,2Cr_to_5Cr
1553,4,2278,2,20672526.714330677,20375523.59408388,297003.1202467978,1.44,1,2Cr_to_5Cr
1554,4,4148,3,10075274.264862308,10205179.736157762,129905.47129545361,1.29,1,1Cr_to_2Cr
1555,0,677,3,8435240.362940716,7874288.756473217,560951.6064674985,6.65,1,50L_to_1Cr
1556,5,2377,3,20241595.776622497,20600965.480670683,359369.70404818654,1.78,1,2Cr_to_5Cr
1557,5,2259,3,36823717.293473676,37477167.84903956,653450.5555658862,1.77,1,2Cr_to_5Cr
1558,6,3436,1,23782884.703644264,23343398.245084237,439486.4585600272,1.85,1,2Cr_to_5Cr
1559,7,3771,3,8165160.810383271,8142776.214064212,22384.59631905984,0.27,1,50L_to_1Cr
1560,2,2582,2,4083347.1149800406,3920347.901634313,162999.21334572742,3.99,1,less_than_50L
1561,2,1570,4,10305518.405498413,10181325.051007032,124193.35449138097,1.21,1,1Cr_to_2Cr
1562,5,889,4,29154938.051622584,29227772.835545342,72834.78392275795,0.25,1,2Cr_to_5Cr
1563,5,2925,3,16423159.80666171,16500218.103720399,77058.29705868848,0.47,1,1Cr_to_2Cr
1564,1,1582,2,41079046.71290436,40915179.011392675,163867.70151168108,0.4,1,2Cr_to_5Cr
1565,2,4879,2,6966813.45513635,7176640.994003215,209827.53886686452,3.01,1,50L_to_1Cr
1566,7,4658,2,9704204.563364297,9133351.953461327,570852.6099029705,5.88,1,50L_to_1Cr
1567,1,2888,3,6133632.887239181,5712221.722515201,421411.16472398024,6.87,1,50L_to_1Cr
1568,7,2276,2,13056116.998521136,12680151.51349757,375965.4850235656,2.88,1,1Cr_to_2Cr
1569,3,2862,3,22432814.125265323,22616232.771448486,183418.64618316293,0.82,1,2Cr_to_5Cr
1570,2,2030,2,21580265.167934086,21465079.515399188,115185.65253489837,0.53,1,2Cr_to_5Cr
1571,3,687,5,21216473.36537145,21343279.89427965,126806.52890820056,0.6,1,2Cr_to_5Cr
1572,4,4682,2,8231100.885461664,8134083.266461688,97017.61899997573,1.18,1,50L_to_1Cr
1573,4,2307,4,30673239.713943906,30457433.541725755,215806.1722181514,0.7,1,2Cr_to_5Cr
1574,6,1561,4,14812418.485823067,14362257.127117582,450161.35870548524,3.04,1,1Cr_to_2Cr
1575,2,529,3,24831144.84078168,24889952.64017197,58807.79939028993,0.24,1,2Cr_to_5Cr
1576,5,2763,3,22688407.99573008,22839730.14226872,151322.1465386413,0.67,1,2Cr_to_5Cr
1577,1,543,2,15886895.502165683,15601544.932139292,285350.57002639025,1.8,1,1Cr_to_2Cr
1578,3,415,3,26622883.200905837,27132147.07827811,509263.8773722723,1.91,1,2Cr_to_5Cr
1579,7,644,2,5367272.019713398,5528503.736883803,161231.7171704052,3.0,1,50L_to_1Cr
1580,2,1326,2,37432571.28722213,37674564.67762046,241993.390398331,0.65,1,2Cr_to_5Cr
1581,6,3578,3,14495935.81150246,14588238.915585171,92303.10408271104,0.64,1,1Cr_to_2Cr
1582,7,2576,3,36280573.08068843,36453635.22018925,173062.13950081915,0.48,1,2Cr_to_5Cr
1583,3,1286,3,3886376.086197036,4416883.9727442255,530507.8865471897,13.65,0,less_than_50L
1584,2,740,2,10009890.54024942,9472517.353387907,537373.1868615132,5.37,1,1Cr_to_2Cr
1585,5,2451,2,17552694.76519783,17969521.60443319,416826.83923536167,2.37,1,1Cr_to_2Cr
1586,3,3798,1,18532702.10959912,18747411.821703438,214709.7121043168,1.16,1,1Cr_to_2Cr
1587,2,4350,1,15610029.626716558,15353405.62035051,256624.006366048,1.64,1,1Cr_to_2Cr
1588,2,705,2,12850463.278410899,13396298.32773186,545835.0493209623,4.25,1,1Cr_to_2Cr
1589,3,1307,1,36079653.65943552,36673573.17306331,593919.5136277899,1.65,1,2Cr_to_5Cr
1590,3,3054,2,29083802.09701841,28803164.62967937,280637.46733903885,0.96,1,2Cr_to_5Cr
1591,7,4192,4,23003876.05035051,23804280.054257024,800404.0039065145,3.48,1,2Cr_to_5Cr
1592,3,1771,3,22636447.218741458,22538880.933000527,97566.28574093059,0.43,1,2Cr_to_5Cr
1593,4,720,2,2960543.0749438666,3386248.5062898733,425705.4313460067,14.38,0,less_than_50L
1594,0,4459,4,30183655.04614805,29890093.310902268,293561.7352457829,0.97,1,2Cr_to_5Cr
1595,6,1531,3,35775923.16401263,36257440.61652701,481517.4525143802,1.35,1,2Cr_to_5Cr
1596,4,2978,2,21582031.78174082,21852300.280048236,270268.4983074181,1.25,1,2Cr_to_5Cr
1597,7,4442,3,20844163.502562772,20163007.561701287,681155.9408614859,3.27,1,2Cr_to_5Cr
1598,3,3767,2,20770113.903765943,20772858.487007685,2744.5832417421043,0.01,1,2Cr_to_5Cr
1599,6,1217,3,14656293.281665742,14988214.848206226,331921.5665404834,2.26,1,1Cr_to_2Cr
1600,5,411,2,24396355.448404178,24198246.887098696,198108.56130548194,0.81,1,2Cr_to_5Cr
1601,3,594,5,13719296.592246564,13706289.484594015,13007.1076525487,0.09,1,1Cr_to_2Cr
1602,2,2937,2,11374399.48529106,11243827.12069889,130572.36459217034,1.15,1,1Cr_to_2Cr
1603,3,3242,2,9938107.335602364,10147300.724464737,209193.3888623733,2.1,1,50L_to_1Cr
1604,5,2629,3,10410859.55875696,11107604.927541343,696745.3687843829,6.69,1,1Cr_to_2Cr
1605,6,3409,2,11955120.864787323,12057700.088400705,102579.22361338139,0.86,1,1Cr_to_2Cr
1606,3,2477,4,21575599.350541994,21456750.009478256,118849.34106373787,0.55,1,2Cr_to_5Cr
1607,3,4267,3,9747940.086977256,9545342.086951736,202598.0000255201,2.08,1,50L_to_1Cr
1608,1,843,3,7156672.760543446,6915506.56925518,241166.19128826633,3.37,1,50L_to_1Cr
1609,1,697,2,4203338.540044744,4514243.989986856,310905.44994211197,7.4,1,less_than_50L
1610,6,1244,4,8761485.318239914,8952955.471510515,191470.15327060036,2.19,1,50L_to_1Cr
1611,6,1415,3,8779441.290569305,8711560.124441894,67881.16612741165,0.77,1,50L_to_1Cr
1612,2,1784,2,49032064.1092295,49072192.660797484,40128.55156798661,0.08,1,2Cr_to_5Cr
1613,2,1797,2,38634442.58917334,39198867.90407593,564425.3149025887,1.46,1,2Cr_to_5Cr
1614,0,953,2,14531748.225057326,14098766.125241518,432982.09981580824,2.98,1,1Cr_to_2Cr
1615,3,2750,5,16735680.919343159,16926073.409496002,190392.4901528433,1.14,1,1Cr_to_2Cr
1616,4,4916,2,11239957.065797726,11410823.8258309,170866.7600331735,1.52,1,1Cr_to_2Cr
1617,6,1669,3,21323808.12965755,21874108.244010765,550300.1143532135,2.58,1,2Cr_to_5Cr
1618,5,1660,1,16808902.56536641,16610549.740963211,198352.82440319844,1.18,1,1Cr_to_2Cr
1619,3,584,2,22741894.8922343,23096144.388340916,354249.49610661715,1.56,1,2Cr_to_5Cr
1620,4,4963,3,3173873.202279226,3488403.661943397,314530.4596641711,9.91,1,less_than_50L
1621,1,2810,5,14448535.382079063,14230774.375604182,217761.0064748805,1.51,1,1Cr_to_2Cr
1622,2,4831,3,17111885.91332008,16809293.230841063,302592.6824790165,1.77,1,1Cr_to_2Cr
1623,5,2609,4,23283893.602135994,22954300.385425217,329593.2167107761,1.42,1,2Cr_to_5Cr
1624,6,4072,3,8532733.187387912,9012558.606197178,479825.41880926676,5.62,1,50L_to_1Cr
1625,3,2281,1,25439385.13269327,25546357.553929623,106972.42123635486,0.42,1,2Cr_to_5Cr
1626,1,4696,2,21915847.486065872,21886604.943158194,29242.54290767759,0.13,1,2Cr_to_5Cr
1627,0,921,3,24722575.073741186,24581880.38154409,140694.6921970956,0.57,1,2Cr_to_5Cr
1628,7,2287,5,10304679.306369329,10046816.875992112,257862.430377217,2.5,1,1Cr_to_2Cr
1629,1,2952,4,25392542.637226555,25491980.486912623,99437.84968606755,0.39,1,2Cr_to_5Cr
1630,3,4209,2,32306309.51050972,32447006.08156119,140696.57105147094,0.44,1,2Cr_to_5Cr
1631,0,4555,2,30442589.317770906,30355948.776291702,86640.54147920385,0.28,1,2Cr_to_5Cr
1632,2,4816,2,34812527.25398454,34885806.33700052,73279.08301597834,0.21,1,2Cr_to_5Cr
1633,4,3879,4,16778936.490991108,16345295.893468522,433640.5975225866,2.58,1,1Cr_to_2Cr
1634,5,1809,4,24269297.433672287,23974054.967422485,295242.4662498012,1.22,1,2Cr_to_5Cr
1635,5,2094,3,20241474.983940274,20382811.576971836,141336.59303156286,0.7,1,2Cr_to_5Cr
1636,7,926,2,8735084.174880836,8957999.437703935,222915.26282309927,2.55,1,50L_to_1Cr
1637,5,3060,3,21778508.91466898,22102272.04562881,323763.13095982745,1.49,1,2Cr_to_5Cr
1638,7,2572,3,38623667.41394137,38661918.19320053,38250.77925916016,0.1,1,2Cr_to_5Cr
1639,0,679,2,22664947.09321103,22226473.66335375,438473.4298572801,1.93,1,2Cr_to_5Cr
1640,2,3364,3,17570659.134974085,18133855.941304494,563196.8063304089,3.21,1,1Cr_to_2Cr
1641,7,4377,1,26359348.473118175,26706355.421291795,347006.9481736198,1.32,1,2Cr_to_5Cr
1642,6,3069,2,17610184.27046228,16662693.689994166,947490.5804681126,5.38,1,1Cr_to_2Cr
1643,3,3293,4,43677251.60382219,44176258.82779187,499007.22396968305,1.14,1,2Cr_to_5Cr
1644,0,2151,3,21330917.907876,21749787.47259685,418869.56472085044,1.96,1,2Cr_to_5Cr
1645,5,4381,2,19075033.270590752,18798687.632458348,276345.63813240454,1.45,1,1Cr_to_2Cr
1646,7,2761,3,10065008.836950667,9395344.463967098,669664.3729835693,6.65,1,1Cr_to_2Cr
1647,1,4827,2,6916524.552099429,6941862.116786123,25337.564686694182,0.37,1,50L_to_1Cr
1648,4,4531,3,23718387.599945486,24148545.045483287,430157.44553780183,1.81,1,2Cr_to_5Cr
1649,3,2108,3,15363920.94451642,15029062.391374907,334858.55314151384,2.18,1,1Cr_to_2Cr
1650,2,3086,3,25207098.406103395,24625912.242306106,581186.1637972891,2.31,1,2Cr_to_5Cr
1651,5,3295,3,31155410.118476346,30946673.952705145,208736.16577120125,0.67,1,2Cr_to_5Cr
1652,1,4935,2,18718081.45357513,18572437.157595415,145644.29597971588,0.78,1,1Cr_to_2Cr
1653,6,3176,2,8368554.591034174,8016511.262791852,352043.32824232243,4.21,1,50L_to_1Cr
1654,7,1519,3,11058407.80064877,11218092.281437485,159684.48078871518,1.44,1,1Cr_to_2Cr
1655,1,3388,2,27293463.327025026,27866390.291196685,572926.9641716592,2.1,1,2Cr_to_5Cr
1656,3,4659,3,4509558.739387167,4063249.9495130293,446308.7898741374,9.9,1,less_than_50L
1657,5,4643,2,8057474.453643758,8384092.718659469,326618.2650157111,4.05,1,50L_to_1Cr
1658,1,594,2,29865056.014355715,29542968.984578695,322087.0297770202,1.08,1,2Cr_to_5Cr
1659,6,1062,2,21715999.545091536,21480274.22070572,235725.32438581437,1.09,1,2Cr_to_5Cr
1660,4,879,5,4296833.693321456,3851518.372405436,445315.3209160203,10.36,0,less_than_50L
1661,0,4618,2,8846252.302722925,8285116.44045698,561135.8622659454,6.34,1,50L_to_1Cr
1662,7,1823,3,38108305.61775537,38014291.83555626,94013.78219910711,0.25,1,2Cr_to_5Cr
1663,3,3108,2,7306435.957006311,6935833.428584063,370602.5284222476,5.07,1,50L_to_1Cr
1664,5,3575,1,14353810.851908172,13854394.99829083,499415.8536173422,3.48,1,1Cr_to_2Cr
1665,0,4214,3,25893248.12306722,25776210.509152003,117037.61391521618,0.45,1,2Cr_to_5Cr
1666,7,2414,3,26578605.060094424,27145815.754709277,567210.6946148537,2.13,1,2Cr_to_5Cr
1667,7,4189,3,21088227.476332698,21092398.822413005,4171.346080306917,0.02,1,2Cr_to_5Cr
1668,2,2843,4,18935020.48671942,19392948.400821514,457927.9141020961,2.42,1,1Cr_to_2Cr
1669,7,1311,2,20427454.876684066,20556368.089487478,128913.21280341223,0.63,1,2Cr_to_5Cr
1670,1,3613,1,19637620.555028763,19538248.7859581,99371.76907066256,0.51,1,1Cr_to_2Cr
1671,1,2764,4,22289012.784172174,22481797.627934765,192784.84376259148,0.86,1,2Cr_to_5Cr
1672,0,4029,2,8095483.918709526,7652461.636629827,443022.2820796985,5.47,1,50L_to_1Cr
1673,4,3872,3,17007521.545600846,16956381.751311984,51139.7942888625,0.3,1,1Cr_to_2Cr
1674,6,1080,3,5494139.982906042,5871893.865175341,377753.8822692996,6.88,1,50L_to_1Cr
1675,5,1009,2,6438954.827888443,6712765.815973695,273810.98808525223,4.25,1,50L_to_1Cr
1676,0,2556,3,30200830.73970085,30310724.9370278,109894.19732695073,0.36,1,2Cr_to_5Cr
1677,5,4266,2,41583605.175446354,41611781.33589478,28176.160448424518,0.07,1,2Cr_to_5Cr
1678,0,771,2,27438203.021141898,27897212.081324976,459009.06018307805,1.67,1,2Cr_to_5Cr
1679,3,1015,2,14888472.61048797,14643111.711808605,245360.89867936447,1.65,1,1Cr_to_2Cr
1680,1,2653,4,16278818.597336747,15989306.684645297,289511.91269144975,1.78,1,1Cr_to_2Cr
1681,7,4538,2,5732329.225008938,5045184.662319236,687144.562689702,11.99,0,50L_to_1Cr
1682,6,1264,3,16322962.640404085,16376577.492128264,53614.85172417946,0.33,1,1Cr_to_2Cr
1683,0,1668,4,30019525.6922646,30481544.582175303,462018.88991070166,1.54,1,2Cr_to_5Cr
1684,3,1184,3,15544793.118901366,14943849.946938658,600943.1719627082,3.87,1,1Cr_to_2Cr
1685,5,4971,3,22841822.007642493,23225785.94546508,383963.9378225878,1.68,1,2Cr_to_5Cr
1686,3,4578,3,21461067.81866609,21497666.006712534,36598.18804644421,0.17,1,2Cr_to_5Cr
1687,3,2637,2,16553643.382596489,17869654.359269686,1316010.976673197,7.95,1,1Cr_to_2Cr
1688,5,4454,3,21753334.535939462,21732168.002984438,21166.53295502439,0.1,1,2Cr_to_5Cr
1689,3,1335,3,20086863.66198985,20368751.12800889,281887.46601904184,1.4,1,2Cr_to_5Cr
1690,4,4380,5,15611038.56327488,15070127.88253908,540910.6807358004,3.46,1,1Cr_to_2Cr
1691,3,2738,4,39715004.90514525,40262916.002803914,547911.097658664,1.38,1,2Cr_to_5Cr
1692,6,725,4,17701217.605324343,17669438.024496507,31779.580827835947,0.18,1,1Cr_to_2Cr
1693,0,1934,4,17605735.97603867,17507741.785779245,97994.1902594231,0.56,1,1Cr_to_2Cr
1694,1,3880,3,14869727.41248995,15139272.061645372,269544.6491554212,1.81,1,1Cr_to_2Cr
1695,7,2385,4,29636859.43316614,29881227.85812253,244368.4249563925,0.82,1,2Cr_to_5Cr
1696,2,3178,2,35596193.65030603,35327728.00007986,268465.65022616833,0.75,1,2Cr_to_5Cr
1697,4,1670,5,11297658.735580156,11105069.84696629,192588.88861386478,1.7,1,1Cr_to_2Cr
1698,4,1040,2,28171693.29343166,28399989.36423578,228296.07080412284,0.81,1,2Cr_to_5Cr
1699,7,4478,3,7754616.22319756,7753212.041029477,1404.1821680832654,0.02,1,50L_to_1Cr
1700,5,1767,3,8064893.302269496,8031834.501727833,33058.80054166261,0.41,1,50L_to_1Cr
1701,6,2975,2,13843048.034687938,13304231.89497272,538816.1397152189,3.89,1,1Cr_to_2Cr
1702,7,4003,3,39770039.07744572,39962479.84022362,192440.76277789474,0.48,1,2Cr_to_5Cr
1703,5,1981,3,19913825.467037577,19672303.7921032,241521.67493437603,1.21,1,1Cr_to_2Cr
1704,2,2386,2,28463727.983835384,27872236.01979378,591491.9640416056,2.08,1,2Cr_to_5Cr
1705,3,2640,3,23232413.109976307,22681421.010568697,550992.0994076096,2.37,1,2Cr_to_5Cr
1706,5,4366,3,18429347.350650977,18222483.223969407,206864.12668156996,1.12,1,1Cr_to_2Cr
1707,0,2505,3,25739305.2182685,25482071.658994213,257233.55927428603,1.0,1,2Cr_to_5Cr
1708,3,528,2,8464036.213042857,7807261.4837991325,656774.7292437246,7.76,1,50L_to_1Cr
1709,0,4396,3,35350761.90278156,35559979.93866677,209218.03588520736,0.59,1,2Cr_to_5Cr
1710,1,1251,3,18934886.527450774,19401519.86270552,466633.3352547474,2.46,1,1Cr_to_2Cr
1711,6,2476,2,27279289.097785454,27230814.138771556,48474.959013897926,0.18,1,2Cr_to_5Cr
1712,7,3394,5,23556015.132426493,23347879.845121633,208135.2873048596,0.88,1,2Cr_to_5Cr
1713,7,4144,3,37996624.93060347,38042827.53652905,46202.60592558235,0.12,1,2Cr_to_5Cr
1714,3,3156,3,22227685.02921,21272260.74945184,955424.2797581628,4.3,1,2Cr_to_5Cr
1715,5,2044,2,6893647.011144636,6799149.452728699,94497.55841593724,1.37,1,50L_to_1Cr
1716,6,3544,2,30599319.88353288,31530185.877314325,930865.9937814437,3.04,1,2Cr_to_5Cr
1717,4,642,2,11878469.889239375,10822251.36567846,1056218.5235609151,8.89,1,1Cr_to_2Cr
1718,0,4485,3,24866736.171272833,24561790.302831367,304945.86844146624,1.23,1,2Cr_to_5Cr
1719,1,570,3,24524821.18197663,24016967.632339597,507853.54963703454,2.07,1,2Cr_to_5Cr
1720,1,1052,3,12295696.74643503,12630307.165092755,334610.4186577257,2.72,1,1Cr_to_2Cr
1721,0,3912,2,17663080.632898107,16944744.29492755,718336.3379705586,4.07,1,1Cr_to_2Cr
1722,3,1899,3,29190674.344348148,29293027.27846141,102352.93411326408,0.35,1,2Cr_to_5Cr
1723,2,2499,2,9461138.001422198,9378962.393602815,82175.60781938396,0.87,1,50L_to_1Cr
1724,5,2558,2,19965514.69588092,20370638.750474777,405124.0545938574,2.03,1,1Cr_to_2Cr
1725,6,2372,4,15124654.947995778,14373381.258696038,751273.6892997399,4.97,1,1Cr_to_2Cr
1726,4,4325,3,2912341.7771786614,3198463.0234247823,286121.2462461209,9.82,1,less_than_50L
1727,5,2658,3,9602283.52731638,9774723.275552751,172439.7482363712,1.8,1,50L_to_1Cr
1728,7,2435,4,15190377.562534802,15616306.066733511,425928.5041987095,2.8,1,1Cr_to_2Cr
1729,5,3671,3,25620666.841640227,25300332.82113793,320334.02050229535,1.25,1,2Cr_to_5Cr
1730,3,1257,3,43082002.991389856,42940957.70125456,141045.2901352942,0.33,1,2Cr_to_5Cr
1731,5,4223,2,4608118.85091788,5171641.146302691,563522.2953848103,12.23,0,less_than_50L
1732,2,1449,5,19261688.864618756,19657157.204643272,395468.340024516,2.05,1,1Cr_to_2Cr
1733,5,4390,4,19145817.850780517,19710766.639337514,564948.7885569967,2.95,1,1Cr_to_2Cr
1734,5,698,4,15912417.328783866,15293563.879682815,618853.4491010513,3.89,1,1Cr_to_2Cr
1735,5,1323,2,8533078.930268614,8021817.717904067,511261.21236454695,5.99,1,50L_to_1Cr
1736,1,4632,2,41048351.22693995,40809166.79430022,239184.4326397255,0.58,1,2Cr_to_5Cr
1737,2,3199,2,13877418.625995971,14102563.967551341,225145.34155537002,1.62,1,1Cr_to_2Cr
1738,0,4462,4,42689115.19993439,42923811.37430407,234696.1743696779,0.55,1,2Cr_to_5Cr
1739,3,4445,1,13268549.538550312,13972611.300155122,704061.7616048101,5.31,1,1Cr_to_2Cr
1740,0,2202,1,33524566.061956704,32812656.024624567,711910.0373321362,2.12,1,2Cr_to_5Cr
1741,1,3113,2,26292662.84907225,26267462.29490534,25200.554166913033,0.1,1,2Cr_to_5Cr
1742,4,3253,2,22504390.755739626,23189696.327817004,685305.5720773786,3.05,1,2Cr_to_5Cr
1743,3,3057,3,10871639.766911425,11024697.29334864,153057.5264372155,1.41,1,1Cr_to_2Cr
1744,1,3746,1,17158916.95459655,17055182.920435775,103734.0341607742,0.6,1,1Cr_to_2Cr
1745,1,1871,2,20755406.683666892,21004242.715386897,248836.03172000498,1.2,1,2Cr_to_5Cr
1746,4,3349,2,42059278.5721021,42305037.13437874,245758.56227663904,0.58,1,2Cr_to_5Cr
1747,3,1341,2,24449137.718320366,24528880.70182296,79742.98350259289,0.33,1,2Cr_to_5Cr
1748,3,2307,3,20546613.45142886,20416586.305536047,130027.1458928138,0.63,1,2Cr_to_5Cr
1749,2,1643,3,6947421.598072773,6204687.713411266,742733.8846615069,10.69,0,50L_to_1Cr
1750,2,1866,3,12972383.75147934,12635430.965287227,336952.78619211353,2.6,1,1Cr_to_2Cr
1751,1,4357,1,37668631.287213124,37072348.75768661,596282.5295265168,1.58,1,2Cr_to_5Cr
1752,0,2366,5,45367610.882229,45749418.81928997,381807.9370609671,0.84,1,2Cr_to_5Cr
1753,1,775,4,32843905.648427602,32621041.58507173,222864.06335587054,0.68,1,2Cr_to_5Cr
1754,5,662,4,25168056.457556564,25023244.670313414,144811.78724315017,0.58,1,2Cr_to_5Cr
1755,4,4762,1,31841963.23142788,32093850.552945055,251887.32151717693,0.79,1,2Cr_to_5Cr
1756,4,3788,4,4753931.294674473,5064949.2728935005,311017.97821902763,6.54,1,less_than_50L
1757,0,3795,4,11923004.168625044,11345580.560994333,577423.607630711,4.84,1,1Cr_to_2Cr
1758,0,2344,4,20368834.49038027,20449660.935802992,80826.44542272389,0.4,1,2Cr_to_5Cr
1759,3,2293,1,27798089.080943238,27737398.016490493,60691.06445274502,0.22,1,2Cr_to_5Cr
1760,0,4034,3,46425064.02635423,46157052.872648686,268011.15370554477,0.58,1,2Cr_to_5Cr
1761,2,2052,5,44479703.89124849,44152485.358626604,327218.53262188286,0.74,1,2Cr_to_5Cr
1762,1,4541,3,22349664.74587846,22846583.876064323,496919.13018586114,2.22,1,2Cr_to_5Cr
1763,5,4292,3,8047297.078482375,8321513.173716985,274216.09523461014,3.41,1,50L_to_1Cr
1764,6,999,4,36511316.30478756,36800020.34895341,288704.0441658497,0.79,1,2Cr_to_5Cr
1765,5,2312,2,15171614.192978866,15628685.761579996,457071.5686011296,3.01,1,1Cr_to_2Cr
1766,7,1692,3,23900526.542579412,23852182.406474,48344.136105410755,0.2,1,2Cr_to_5Cr
1767,6,1000,3,22822067.78072658,23317430.955641545,495363.17491496354,2.17,1,2Cr_to_5Cr
1768,4,780,4,18869260.97923009,19074075.86966552,204814.89043542743,1.09,1,1Cr_to_2Cr
1769,0,4037,3,31631291.49455323,31265098.944469716,366192.5500835143,1.16,1,2Cr_to_5Cr
1770,1,2563,3,8986536.093937773,9031748.971695345,45212.87775757164,0.5,1,50L_to_1Cr
1771,2,4755,3,18159060.278805595,18676387.828296084,517327.54949048907,2.85,1,1Cr_to_2Cr
1772,0,1498,3,45013324.26932275,45043623.807135366,30299.53781261295,0.07,1,2Cr_to_5Cr
1773,0,765,4,16077958.394766014,15562084.958821006,515873.43594500795,3.21,1,1Cr_to_2Cr
1774,5,2970,4,11038566.101043776,11147816.103591949,109250.00254817307,0.99,1,1Cr_to_2Cr
1775,3,3819,1,37539936.58867291,37027751.99433151,512184.59434140474,1.36,1,2Cr_to_5Cr
1776,2,2876,2,11915542.532988664,11645824.587585421,269717.9454032425,2.26,1,1Cr_to_2Cr
1777,7,1190,1,8730070.246377166,8912637.089047108,182566.84266994148,2.09,1,50L_to_1Cr
1778,3,3969,2,9390171.339735525,9698081.359530145,307910.0197946206,3.28,1,50L_to_1Cr
1779,7,1146,3,14357270.451649675,14200712.031197244,156558.42045243084,1.09,1,1Cr_to_2Cr
1780,7,712,4,14497262.516691627,14290342.067879213,206920.44881241396,1.43,1,1Cr_to_2Cr
1781,1,1320,4,17756958.438992094,17550854.32070795,206104.1182841435,1.16,1,1Cr_to_2Cr
1782,1,1477,2,35784921.723489136,35753890.896191314,31030.82729782164,0.09,1,2Cr_to_5Cr
1783,0,3229,1,6322407.486114424,4930718.688897253,1391688.7972171707,22.01,0,50L_to_1Cr
1784,4,2781,3,24459348.829585616,25153423.809015978,694074.9794303626,2.84,1,2Cr_to_5Cr
1785,4,4018,3,15544222.411902213,15823897.90211022,279675.4902080074,1.8,1,1Cr_to_2Cr
1786,7,1197,2,5967605.782784446,4476431.234323229,1491174.5484612174,24.99,0,50L_to_1Cr
1787,2,4843,4,23460707.463716693,24165373.98896245,704666.5252457559,3.0,1,2Cr_to_5Cr
1788,4,672,4,30646049.764783286,29994275.45172085,651774.3130624369,2.13,1,2Cr_to_5Cr
1789,1,3410,2,5153192.984692968,5634157.551050798,480964.5663578296,9.33,1,50L_to_1Cr
1790,4,2173,4,7497705.054597083,7533537.754981657,35832.70038457401,0.48,1,50L_to_1Cr
1791,7,2947,2,13250006.331200613,13552553.825725514,302547.49452490173,2.28,1,1Cr_to_2Cr
1792,5,3564,3,4911972.285390245,5741641.85564839,829669.5702581452,16.89,0,less_than_50L
1793,3,1346,3,33080948.590356927,33562811.25802783,481862.66767090186,1.46,1,2Cr_to_5Cr
1794,2,3065,2,24281098.09037834,24140770.27953347,140327.81084487215,0.58,1,2Cr_to_5Cr
1795,2,906,4,6739528.7276777,7141021.873878797,401493.1462010965,5.96,1,50L_to_1Cr
1796,6,643,3,21846888.40050723,21499869.141291168,347019.2592160627,1.59,1,2Cr_to_5Cr
1797,0,905,3,14874199.83532256,14032594.089696093,841605.7456264682,5.66,1,1Cr_to_2Cr
1798,4,4917,2,19899574.065277994,19707314.261475798,192259.80380219594,0.97,1,1Cr_to_2Cr
1799,0,3558,1,26684562.827132247,26110626.74697659,573936.0801556557,2.15,1,2Cr_to_5Cr
1800,0,3990,2,15908082.114391293,16318160.030311251,410077.9159199577,2.58,1,1Cr_to_2Cr
1801,2,2272,3,30275260.500788547,29573135.105896596,702125.3948919512,2.32,1,2Cr_to_5Cr
1802,5,4193,3,19028915.42624153,19686197.136912066,657281.7106705382,3.45,1,1Cr_to_2Cr
1803,5,1592,2,30238372.905276,30401792.917211797,163420.0119357966,0.54,1,2Cr_to_5Cr
1804,1,4825,3,16308223.437801117,16775768.181030056,467544.74322893843,2.87,1,1Cr_to_2Cr
1805,3,1864,3,4729046.561779144,5046294.153127686,317247.5913485419,6.71,1,less_than_50L
1806,1,790,3,36469451.810756505,36617423.4930113,147971.6822547987,0.41,1,2Cr_to_5Cr
1807,4,4876,3,27005027.896740906,27909102.015701048,904074.1189601421,3.35,1,2Cr_to_5Cr
1808,7,3777,4,17725045.44389465,18494839.297964577,769793.8540699258,4.34,1,1Cr_to_2Cr
1809,5,1072,3,14589158.546429958,14197378.722967926,391779.8234620318,2.69,1,1Cr_to_2Cr
1810,5,2960,3,24212784.942242846,24045404.389752615,167380.55249023065,0.69,1,2Cr_to_5Cr
1811,6,1611,2,40088218.99239281,40777618.824853964,689399.832461156,1.72,1,2Cr_to_5Cr
1812,6,1329,2,7720482.076608006,7387597.010534938,332885.0660730675,4.31,1,50L_to_1Cr
1813,5,1939,1,4683809.535376237,4833603.58161102,149794.04623478279,3.2,1,less_than_50L
1814,3,1312,3,15125987.780344578,15004907.152191034,121080.62815354392,0.8,1,1Cr_to_2Cr
1815,2,1043,2,41491454.09475867,40893973.51336068,597480.5813979879,1.44,1,2Cr_to_5Cr
1816,2,4922,2,18244846.434324987,18515417.20814066,270570.77381567284,1.48,1,1Cr_to_2Cr
1817,5,901,3,26797750.865228593,27238798.65737352,441047.7921449281,1.65,1,2Cr_to_5Cr
1818,2,1129,2,37783874.71466509,38024367.895947196,240493.18128210306,0.64,1,2Cr_to_5Cr
1819,6,1683,2,24828834.799632005,25308461.18486967,479626.385237664,1.93,1,2Cr_to_5Cr
1820,7,2518,2,31193291.84883421,31245936.42015329,52644.57131908089,0.17,1,2Cr_to_5Cr
1821,2,4952,3,11270796.24182499,11540492.592996458,269696.35117146745,2.39,1,1Cr_to_2Cr
1822,0,4786,2,48355928.251029536,48664024.75080911,308096.4997795746,0.64,1,2Cr_to_5Cr
1823,1,4236,3,18785855.23798764,18754125.551127866,31729.686859775335,0.17,1,1Cr_to_2Cr
1824,5,1319,3,34499570.96057826,34133182.6754421,366388.28513616323,1.06,1,2Cr_to_5Cr
1825,2,4450,3,17937979.014295805,17388398.486452363,549580.5278434418,3.06,1,1Cr_to_2Cr
1826,0,2739,3,24445535.85146413,24008132.33026761,437403.5211965218,1.79,1,2Cr_to_5Cr
1827,7,1155,4,18755782.608727578,18707229.726172432,48552.88255514577,0.26,1,1Cr_to_2Cr
1828,5,2269,1,10135817.541672759,9462283.38084829,673534.1608244684,6.65,1,1Cr_to_2Cr
1829,0,4872,2,42977579.52578359,43336754.27722326,359174.75143966824,0.84,1,2Cr_to_5Cr
1830,3,907,2,21226769.446246628,20833634.56940114,393134.87684548646,1.85,1,2Cr_to_5Cr
1831,3,1836,2,24094022.043288138,23751909.598971616,342112.4443165213,1.42,1,2Cr_to_5Cr
1832,0,2975,2,24124401.513064183,24196673.789674394,72272.27661021054,0.3,1,2Cr_to_5Cr
1833,6,3826,2,17865317.55052605,17534862.973138694,330454.57738735527,1.85,1,1Cr_to_2Cr
1834,7,958,3,5986958.879765498,6662456.450420513,675497.5706550144,11.28,0,50L_to_1Cr
1835,0,3502,3,7242654.835650453,7522396.500091573,279741.6644411199,3.86,1,50L_to_1Cr
1836,1,4916,2,26483884.054713096,25733906.483779512,749977.5709335841,2.83,1,2Cr_to_5Cr
1837,7,4022,3,5718319.628745609,5833787.820808928,115468.1920633195,2.02,1,50L_to_1Cr
1838,1,4799,2,42346164.134252176,41453500.66991363,892663.4643385485,2.11,1,2Cr_to_5Cr
1839,1,4457,2,27792703.987119626,27691290.07541211,101413.91170751676,0.36,1,2Cr_to_5Cr
1840,7,4115,3,11818649.272852613,12151294.437723504,332645.1648708917,2.81,1,1Cr_to_2Cr
1841,5,1701,1,32465778.563894544,32757100.197541997,291321.63364745304,0.9,1,2Cr_to_5Cr
1842,4,2555,1,12492587.219474778,13345028.993467154,852441.7739923764,6.82,1,1Cr_to_2Cr
1843,7,1092,2,44821317.70150571,45079422.089585565,258104.38807985187,0.58,1,2Cr_to_5Cr
1844,0,4750,4,23350222.702012744,22858399.61927969,491823.0827330537,2.11,1,2Cr_to_5Cr
1845,5,1878,3,26480020.93855631,25965361.02203843,514659.9165178798,1.94,1,2Cr_to_5Cr
1846,1,656,1,12435074.093154933,12431636.775525317,3437.3176296167076,0.03,1,1Cr_to_2Cr
1847,5,2830,4,26124532.248977203,25600342.116339862,524190.1326373406,2.01,1,2Cr_to_5Cr
1848,5,841,3,6651637.081164373,6904178.479200285,252541.39803591184,3.8,1,50L_to_1Cr
1849,2,2281,3,22645958.19914086,22481470.287295736,164487.91184512526,0.73,1,2Cr_to_5Cr
1850,0,3046,4,40815631.134536386,40097811.35738244,717819.7771539465,1.76,1,2Cr_to_5Cr
1851,3,4220,2,41955664.57142341,42167212.33532781,211547.76390440017,0.5,1,2Cr_to_5Cr
1852,3,2135,2,25790667.805780236,25721416.05074725,69251.7550329864,0.27,1,2Cr_to_5Cr
1853,0,4135,3,8748998.016266286,8738234.03242083,10763.983845455572,0.12,1,50L_to_1Cr
1854,0,3045,3,8808126.411193594,9916704.14332135,1108577.7321277559,12.59,0,50L_to_1Cr
1855,6,418,3,32519830.515613154,33369696.561720513,849866.0461073592,2.61,1,2Cr_to_5Cr
1856,3,1524,3,30889942.520249,31230015.941139553,340073.42089055106,1.1,1,2Cr_to_5Cr
1857,4,4385,4,29001693.14968712,29755451.746323198,753758.5966360793,2.6,1,2Cr_to_5Cr
1858,1,3054,4,5836837.763149687,5711950.592433163,124887.17071652412,2.14,1,50L_to_1Cr
1859,7,2480,4,8388654.665270418,8575981.874600437,187327.2093300186,2.23,1,50L_to_1Cr
1860,7,1947,4,28413652.643165287,28753051.002546743,339398.3593814559,1.19,1,2Cr_to_5Cr
1861,4,1261,4,7025336.412000203,6483842.383664925,541494.0283352779,7.71,1,50L_to_1Cr
1862,3,554,1,4018403.40176677,4669553.597196727,651150.195429957,16.2,0,less_than_50L
1863,1,3894,2,7547431.426164928,8882156.595964696,1334725.1697997684,17.68,0,50L_to_1Cr
1864,3,1304,3,22555212.591510545,22075211.655734733,480000.9357758127,2.13,1,2Cr_to_5Cr
1865,5,1669,4,8791721.652836354,8097882.728753526,693838.9240828287,7.89,1,50L_to_1Cr
1866,6,804,3,21387319.081763256,22050845.360549875,663526.2787866183,3.1,1,2Cr_to_5Cr
1867,3,1243,3,15130592.255911991,14701041.121821022,429551.13409096934,2.84,1,1Cr_to_2Cr
1868,6,2182,2,8319599.130701937,7985238.689099769,334360.4416021677,4.02,1,50L_to_1Cr
1869,0,1964,2,49473098.5948976,49577386.057321705,104287.4624241069,0.21,1,2Cr_to_5Cr
1870,0,1584,3,26174091.782618098,25676434.579190064,497657.20342803374,1.9,1,2Cr_to_5Cr
1871,7,1146,2,16371138.384695735,16314455.69670783,56682.687987904996,0.35,1,1Cr_to_2Cr
1872,1,2125,2,15872230.507801162,15939675.090959571,67444.58315840922,0.42,1,1Cr_to_2Cr
1873,2,3588,2,25138704.812189363,24199860.59833615,938844.2138532139,3.73,1,2Cr_to_5Cr
1874,5,670,2,15903351.614545811,15572231.502375716,331120.1121700946,2.08,1,1Cr_to_2Cr
1875,3,571,2,13141114.198782476,12975246.179972734,165868.01880974136,1.26,1,1Cr_to_2Cr
1876,0,673,3,12675883.521774286,12334776.622757932,341106.89901635423,2.69,1,1Cr_to_2Cr
1877,5,2706,1,24925888.516232558,25104370.848430205,178482.33219764754,0.72,1,2Cr_to_5Cr
1878,3,1558,4,7551745.390615873,7587151.93744894,35406.5468330672,0.47,1,50L_to_1Cr
1879,5,2106,2,26663685.311162595,26993771.272943642,330085.9617810473,1.24,1,2Cr_to_5Cr
1880,7,2171,3,13367341.135601448,14165285.728377378,797944.5927759297,5.97,1,1Cr_to_2Cr
1881,4,821,3,20148387.648290724,20538002.831705883,389615.1834151596,1.93,1,2Cr_to_5Cr
1882,5,1609,2,4254813.001145135,4148397.4613643023,106415.53978083236,2.5,1,less_than_50L
1883,0,1290,4,17541582.65929413,17518526.851088863,23055.80820526555,0.13,1,1Cr_to_2Cr
1884,2,3667,3,6571584.289668868,6675205.080371038,103620.79070216976,1.58,1,50L_to_1Cr
1885,4,1873,2,9942800.63092306,10421344.561988957,478543.9310658965,4.81,1,50L_to_1Cr
1886,0,3643,2,12364680.22571173,12079059.516643856,285620.70906787366,2.31,1,1Cr_to_2Cr
1887,3,4878,4,4982532.536124154,4735376.58731591,247155.94880824443,4.96,1,less_than_50L
1888,0,2581,3,14470516.055976482,14137746.365844507,332769.69013197534,2.3,1,1Cr_to_2Cr
1889,4,1849,2,15253155.654593349,14877934.408462426,375221.2461309228,2.46,1,1Cr_to_2Cr
1890,5,3496,2,18717717.07978211,18933860.348340772,216143.26855866238,1.15,1,1Cr_to_2Cr
1891,2,3656,4,24886603.861311913,25302316.356982198,415712.4956702851,1.67,1,2Cr_to_5Cr
1892,2,3556,3,38158811.73091413,38825253.9412718,666442.210357666,1.75,1,2Cr_to_5Cr
1893,1,1990,3,20354411.113095175,20211906.76659375,142504.3465014249,0.7,1,2Cr_to_5Cr
1894,0,4639,2,19266920.14669425,19802264.68222133,535344.5355270803,2.78,1,1Cr_to_2Cr
1895,4,4381,3,17568609.178861633,17793721.638669193,225112.45980755985,1.28,1,1Cr_to_2Cr
1896,1,1835,2,24848176.058488496,24739553.54310954,108622.51537895575,0.44,1,2Cr_to_5Cr
1897,3,623,2,16115947.238852913,16335067.895488348,219120.6566354353,1.36,1,1Cr_to_2Cr
1898,3,619,3,23103237.126971748,22885235.689732477,218001.43723927066,0.94,1,2Cr_to_5Cr
1899,3,4674,5,40275261.98363692,39338123.07029889,937138.9133380353,2.33,1,2Cr_to_5Cr
1900,7,2054,2,6846804.896841245,7356844.698005897,510039.8011646522,7.45,1,50L_to_1Cr
1901,4,4928,3,10642218.158043053,10650356.087487778,8137.929444724694,0.08,1,1Cr_to_2Cr
1902,6,664,3,7649449.820847792,7354011.855795377,295437.9650524147,3.86,1,50L_to_1Cr
1903,2,1353,3,22725165.38049071,22850502.732763067,125337.35227235779,0.55,1,2Cr_to_5Cr
1904,3,4133,3,16538064.418721229,15821595.086594354,716469.3321268745,4.33,1,1Cr_to_2Cr
1905,5,3174,1,5626786.014976591,4422280.057245792,1204505.957730799,21.41,0,50L_to_1Cr
1906,0,3524,5,44799140.51655742,45516248.84902323,717108.3324658126,1.6,1,2Cr_to_5Cr
1907,5,879,3,18592211.211231846,18539726.665922422,52484.5453094244,0.28,1,1Cr_to_2Cr
1908,4,3914,4,21890244.18613576,22258447.231355272,368203.0452195108,1.68,1,2Cr_to_5Cr
1909,5,1753,3,36108148.609721445,35966634.28904913,141514.3206723109,0.39,1,2Cr_to_5Cr
1910,1,3722,4,22106966.47475479,21954028.131774854,152938.3429799378,0.69,1,2Cr_to_5Cr
1911,0,4278,2,12964662.605969016,13297444.559965247,332781.9539962318,2.57,1,1Cr_to_2Cr
1912,0,1289,2,8502578.975254823,8344894.335873362,157684.63938146085,1.85,1,50L_to_1Cr
1913,5,1324,2,22740677.125387102,22403274.638665296,337402.4867218062,1.48,1,2Cr_to_5Cr
1914,3,2570,1,21844375.75749723,21565199.53832132,279176.2191759087,1.28,1,2Cr_to_5Cr
1915,6,2302,3,4942448.722635204,5204073.589733767,261624.86709856335,5.29,1,less_than_50L
1916,6,2795,4,12635797.960248575,13453955.060297389,818157.100048814,6.47,1,1Cr_to_2Cr
1917,2,428,2,16788870.16765891,16930161.065042645,141290.89738373458,0.84,1,1Cr_to_2Cr
1918,6,434,4,4257783.774959587,3997646.057947543,260137.71701204358,6.11,1,less_than_50L
1919,3,3989,3,24957708.900940124,25491785.52526322,534076.6243230961,2.14,1,2Cr_to_5Cr
1920,2,3070,3,10960642.039236875,11152100.88598508,191458.8467482049,1.75,1,1Cr_to_2Cr
1921,0,3765,4,9118283.187347827,9180404.890228461,62121.702880633995,0.68,1,50L_to_1Cr
1922,3,988,2,14286039.243771853,14264715.70270925,21323.541062602773,0.15,1,1Cr_to_2Cr
1923,7,3618,2,30248381.531761207,29678630.71213972,569750.8196214885,1.88,1,2Cr_to_5Cr
1924,0,3538,2,31734095.626645155,32158444.51889178,424348.8922466263,1.34,1,2Cr_to_5Cr
1925,0,1303,3,28382433.169831954,28510319.37398768,127886.2041557245,0.45,1,2Cr_to_5Cr
1926,5,4486,3,21747475.643051527,21981846.94316055,234371.30010902137,1.08,1,2Cr_to_5Cr
1927,7,2569,4,22029094.351326194,21882977.506617405,146116.84470878914,0.66,1,2Cr_to_5Cr
1928,5,739,3,24411938.631599717,23731328.915364385,680609.7162353322,2.79,1,2Cr_to_5Cr
1929,7,4670,3,4408014.931055157,4011136.867009273,396878.06404588465,9.0,1,less_than_50L
1930,6,2114,3,29926942.786562216,29104216.548374657,822726.238187559,2.75,1,2Cr_to_5Cr
1931,4,4946,2,23940054.32590261,23425836.85088465,514217.4750179611,2.15,1,2Cr_to_5Cr
1932,3,956,1,5819032.040081107,6195915.286200176,376883.24611906894,6.48,1,50L_to_1Cr
1933,7,3487,4,6365920.650612645,6296551.42419073,69369.226421915,1.09,1,50L_to_1Cr
1934,0,3666,1,16906693.46446803,16929393.282301106,22699.817833077163,0.13,1,1Cr_to_2Cr
1935,0,3967,2,46352757.49767167,46607202.495248124,254444.9975764528,0.55,1,2Cr_to_5Cr
1936,4,2456,3,16610023.704924438,17449227.91633722,839204.2114127837,5.05,1,1Cr_to_2Cr
1937,7,4299,2,49171967.451035306,49391201.241185516,219233.79015021026,0.45,1,2Cr_to_5Cr
1938,0,1416,4,17309030.711537804,17323757.59114046,14726.879602655768,0.09,1,1Cr_to_2Cr
1939,5,2462,2,2979725.920583674,3518426.4140549144,538700.4934712402,18.08,0,less_than_50L
1940,7,1238,1,21140247.971948143,21431047.289370507,290799.3174223639,1.38,1,2Cr_to_5Cr
1941,4,2037,2,15570408.777099533,15283759.231094657,286649.5460048765,1.84,1,1Cr_to_2Cr
1942,7,4721,3,32541452.70123797,32851510.68519834,310057.98396037146,0.95,1,2Cr_to_5Cr
1943,6,3896,2,9516066.898656145,9705158.8268791,189091.92822295614,1.99,1,50L_to_1Cr
1944,6,2213,3,34637189.516188025,35220000.33297227,582810.8167842478,1.68,1,2Cr_to_5Cr
1945,2,3879,4,29487217.24341617,28942917.37972674,544299.86368943,1.85,1,2Cr_to_5Cr
1946,6,1851,4,30379417.02156589,29880577.751296308,498839.2702695839,1.64,1,2Cr_to_5Cr
1947,1,2713,2,6379788.882140114,6100853.083526268,278935.7986138463,4.37,1,50L_to_1Cr
1948,2,1914,3,36719312.5656432,36728068.0542497,8755.488606497645,0.02,1,2Cr_to_5Cr
1949,7,1631,3,31572753.807623204,32075272.009616178,502518.2019929737,1.59,1,2Cr_to_5Cr
1950,1,2045,4,8954705.682278298,8621661.600396657,333044.0818816405,3.72,1,50L_to_1Cr
1951,3,3399,5,5536015.438529198,5162786.414511093,373229.0240181051,6.74,1,50L_to_1Cr
1952,4,3840,2,9772709.331787126,9849476.482510313,76767.15072318725,0.79,1,50L_to_1Cr
1953,3,4456,3,18865601.353295032,18413447.441814423,452153.9114806093,2.4,1,1Cr_to_2Cr
1954,1,705,2,6612168.634600643,6948007.48162671,335838.84702606685,5.08,1,50L_to_1Cr
1955,0,3936,1,20938452.250390604,21122966.286858164,184514.03646755964,0.88,1,2Cr_to_5Cr
1956,6,2123,1,13529419.281134285,14132585.533722373,603166.2525880877,4.46,1,1Cr_to_2Cr
1957,5,2089,3,17712468.13826538,18164700.29862582,452232.1603604406,2.55,1,1Cr_to_2Cr
1958,7,1917,3,10766090.446400521,10959161.858834302,193071.41243378073,1.79,1,1Cr_to_2Cr
1959,2,4317,1,28470969.298098315,28030764.347944405,440204.9501539096,1.55,1,2Cr_to_5Cr
1960,0,819,3,17894696.985564027,17213996.572388243,680700.413175784,3.8,1,1Cr_to_2Cr
1961,5,3336,2,15174908.549755787,15864457.337352637,689548.7875968497,4.54,1,1Cr_to_2Cr
1962,0,4262,3,20135666.478961516,20060465.186565135,75201.2923963815,0.37,1,2Cr_to_5Cr
1963,5,4629,2,12198586.238888713,11991374.460438605,207211.7784501072,1.7,1,1Cr_to_2Cr
1964,7,1850,2,11413611.015008505,11442931.293246746,29320.27823824063,0.26,1,1Cr_to_2Cr
1965,6,3496,2,25733970.84529161,25415307.797057774,318663.0482338369,1.24,1,2Cr_to_5Cr
1966,7,3661,2,32588302.91690859,33393237.976712637,804935.0598040484,2.47,1,2Cr_to_5Cr
1967,4,1564,3,15422162.91432164,15155261.82679169,266901.08752994984,1.73,1,1Cr_to_2Cr
1968,5,2269,2,19355100.003821243,19639099.23212376,283999.22830251604,1.47,1,1Cr_to_2Cr
1969,4,2219,3,13988199.722304313,13581570.17099863,406629.55130568333,2.91,1,1Cr_to_2Cr
1970,0,3105,2,30493509.52944035,30651286.42397016,157776.8945298083,0.52,1,2Cr_to_5Cr
1971,4,3915,3,31028457.95165096,30910003.528956767,118454.42269419134,0.38,1,2Cr_to_5Cr
1972,3,1742,3,16561394.22089728,16750233.338822106,188839.11792482622,1.14,1,1Cr_to_2Cr
1973,0,2626,2,42281196.29811261,42407181.336494975,125985.0383823663,0.3,1,2Cr_to_5Cr
1974,6,1479,3,6320300.257843718,5917765.979322435,402534.2785212826,6.37,1,50L_to_1Cr
1975,4,4606,1,7499993.802353475,6854275.031814149,645718.7705393266,8.61,1,50L_to_1Cr
1976,1,4963,3,5946388.236337044,5981900.477173104,35512.240836059675,0.6,1,50L_to_1Cr
1977,4,3179,2,25157982.284296826,24837545.253546245,320437.03075058013,1.27,1,2Cr_to_5Cr
